id,Last_Name,Name,School,Researcher,Home_Dept,Areas_Expertise,Sub_Headings,Start_Year,Depart_Year,Scholar_Identifier,Scholar_Url,Scholar_Keywords
0,Anderson,Sarah Anderson,UCSB,Sarah Anderson UCSB,Bren,,,2010,2013,RCP0c0kAAAAJ,https://scholar.google.com/citations?user=RCP0c0kAAAAJ&view_op=list_works&sortby=pubdate,"['environmental politics', 'legislative politics', 'wildfire']"
1,Archuleta,Ralph Archuleta,UCSB,Ralph Archuleta UCSB,Earth Science,,,2009,,Vj8zKdEAAAAJ,https://scholar.google.com/citations?user=Vj8zKdEAAAAJ&view_op=list_works&sortby=pubdate,['Seismology']
2,Atwater,Tanya Atwater,UCSB,Tanya Atwater UCSB,Earth Science,,,2009,2013,none,none,none
3,Bair,Edward Bair,UCSB,Edward Bair UCSB,ERI,,,2012,,WvcxF9AAAAAJ,https://scholar.google.com/citations?user=WvcxF9AAAAAJ&view_op=list_works&sortby=pubdate,['snow']
4,Ballantine,Andrew Ballantine,UCSB,Andrew Ballantine UCSB,ERI,,,2009,2010,none,none,none
5,Bildsten,Lars Bildsten,UCSB,Lars Bildsten UCSB,KITP,,,2010,2012,none,none,none
6,Boles,Jim Boles,UCSB,Jim Boles UCSB,Earth Science,,,2009,,none,none,none
7,Bookhagen,Bodo Bookhagen,UCSB,Bodo Bookhagen UCSB,Earth Science and Geography,,,2009,,_UuIymgAAAAJ,https://scholar.google.com/citations?user=_UuIymgAAAAJ&view_op=list_works&sortby=pubdate,"['Remote Sensing', 'Geomorphology', 'Water resources', 'Quaternary Geochronology']"
8,Booth,Derek Booth,UCSB,Derek Booth UCSB,ERI and Bren,,,2011,,Xq4ZDiAAAAAJ,https://scholar.google.com/citations?user=Xq4ZDiAAAAAJ&view_op=list_works&sortby=pubdate,['Derek B. Booth']
9,Burbank,Douglas Burbank,UCSB,Douglas Burbank UCSB,Earth Science,,,2009,,Y_DNpx4AAAAJ,https://scholar.google.com/citations?user=Y_DNpx4AAAAJ&view_op=list_works&sortby=pubdate,['Douglas Burbank']
10,Busby,Cathy Busby,UC Davis,Cathy Busby UC Davis,Earth Science,,,2009,,AYD4j7sAAAAJ,https://scholar.google.com/citations?user=AYD4j7sAAAAJ&view_op=list_works&sortby=pubdate,"['Tectonics', 'Sedimentology', 'Volcanology', 'Stratigraphy']"
11,Carbone,Mariah Carbone,Northern Arizona University,Mariah Carbone Northern Arizona University,NCEAS,,,2009,2013,hChc37cAAAAJ,https://scholar.google.com/citations?user=hChc37cAAAAJ&view_op=list_works&sortby=pubdate,"['Climate change', 'earth system science', 'ecology', 'isotopes', 'radiocarbon']"
12,Cardinale,Bradley Cardinale,University of Michigan,Bradley Cardinale University of Michigan,EEMB,,,2009,2011,N9f43xoAAAAJ,https://scholar.google.com/citations?user=N9f43xoAAAAJ&view_op=list_works&sortby=pubdate,"['ecology', 'evolution', 'conservation biology', 'biodiversity']"
13,Carlson,Craig Carlson,UCSB,Craig Carlson UCSB,Biology,,,2009,,4Td-fJUAAAAJ,https://scholar.google.com/citations?user=4Td-fJUAAAAJ&view_op=list_works&sortby=pubdate,"['oceanography', 'Biological oceanography', 'marine microbial ecology', 'biogeochemistry', 'microbial oceanography']"
14,Carlson,Jean Carlson,UCSB,Jean Carlson UCSB,Physics,,,2009,,none,none,none
15,Carvalho,Leila Carvalho,UCSB,Leila Carvalho UCSB,Geography,,,2009,,HCfUlVIAAAAJ,https://scholar.google.com/citations?user=HCfUlVIAAAAJ&view_op=list_works&sortby=pubdate,"['climate', 'atmospheric sciences', 'meteorology']"
16,Caselle,Jennifer Caselle,UCSB,Jennifer Caselle UCSB,Marine Science Institute,,,2009,2011,jl4z9RcAAAAJ,https://scholar.google.com/citations?user=jl4z9RcAAAAJ&view_op=list_works&sortby=pubdate,"['Marine Ecology', 'Fisheries', 'Marine Conservation', 'Marine Protected Areas', 'Kelp forest and Coral reef']"
17,Chadwick,Oliver Chadwick,UCSB,Oliver Chadwick UCSB,Geography,,,2009,,G8HrBaYAAAAJ,https://scholar.google.com/citations?user=G8HrBaYAAAAJ&view_op=list_works&sortby=pubdate,"['geomorphology', 'biogeochemistry', 'soil science']"
18,Church,Richard Church,UCSB,Richard Church UCSB,Geography,,,2009,,t4-JG2IAAAAJ,https://scholar.google.com/citations?user=t4-JG2IAAAAJ&view_op=list_works&sortby=pubdate,"['location modeling', 'GIScience', 'operations research', 'transportation', 'Regional Science']"
19,Clark,Jordan Clark,UCSB,Jordan Clark UCSB,Earth Science,,,2009,,4UIEFcIAAAAJ,https://scholar.google.com/citations?user=4UIEFcIAAAAJ&view_op=list_works&sortby=pubdate,"['geochemistry', 'geology', 'hydrology', 'oceanography']"
20,Clarke,Brian Clarke,UCSB,Brian Clarke UCSB,ERI,,,2010,,none,none,none
21,Clarke,Keith Clarke,UCSB,Keith Clarke UCSB,Geography,,,,2010,fjZMW1oAAAAJ,https://scholar.google.com/citations?user=fjZMW1oAAAAJ&view_op=list_works&sortby=pubdate,"['Cartography', 'geographic information systems', 'urban modeling', 'geocomputation']"
22,Costello,Christopher Costello,UCSB,Christopher Costello UCSB,Bren,,,2009,,38CdyQoAAAAJ,https://scholar.google.com/citations?user=38CdyQoAAAAJ&view_op=list_works&sortby=pubdate,"['Natural resource economics', 'fisheries', 'uncertainty']"
23,Cottle,John Cottle,UCSB,John Cottle UCSB,Earth Science,,,2009,,xeUMyxAAAAAJ,https://scholar.google.com/citations?user=xeUMyxAAAAAJ&view_op=list_works&sortby=pubdate,"['Earth science', 'geochronology', 'tectonics']"
24,D'Antonio,Carla D'Antonio,UCSB,Carla D'Antonio UCSB,Environmental Studies,,,2009,,qYym6p0AAAAJ,https://scholar.google.com/citations?user=qYym6p0AAAAJ&view_op=list_works&sortby=pubdate,['plant community and ecosystem ecology']
25,Davis,Frank Davis,UCSB,Frank Davis UCSB,Bren and NCEAS,,,2009,,FgUUzKkAAAAJ,https://scholar.google.com/citations?user=FgUUzKkAAAAJ&view_op=list_works&sortby=pubdate,['Frank W Davis']
26,DeVecchio,Duane DeVecchio,UCSB,Duane DeVecchio UCSB,ERI,,,2009,,none,none,none
27,DeVries,Timothy DeVries,UCSB,Timothy DeVries UCSB,Geography,,,2014,,1Z6XrOUAAAAJ,https://scholar.google.com/citations?user=1Z6XrOUAAAAJ&view_op=list_works&sortby=pubdate,['Ocean circulation and biogeochemistry']
28,Dozier,Jeffrey Dozier,UCSB,Jeffrey Dozier UCSB,Bren,,,2009,,xf0GIdEAAAAJ,https://scholar.google.com/citations?user=xf0GIdEAAAAJ&view_op=list_works&sortby=pubdate,['Jeff Dozier']
29,Dunne,Thomas Dunne,UCSB,Thomas Dunne UCSB,Bren,,,2009,,C1BC1sIAAAAJ,https://scholar.google.com/citations?user=C1BC1sIAAAAJ&view_op=list_works&sortby=pubdate,['Tom Dunne']
30,Dykstra,Mason Dykstra,Occidental Petroleum,Mason Dykstra Occidental Petroleum,Crustal Studies,,,,2011,XlF_DqIAAAAJ,https://scholar.google.com/citations?user=XlF_DqIAAAAJ&view_op=list_works&sortby=pubdate,"['sedimentology', 'stratigraphy', 'petroleum geoscience', 'marine geology', 'field geology']"
31,Eakin,Hallie Eakin,Arizona State University,Hallie Eakin Arizona State University,Geography,,,2009,,L4xGtIoAAAAJ,https://scholar.google.com/citations?user=L4xGtIoAAAAJ&view_op=list_works&sortby=pubdate,"['vulnerability', 'adaptation', 'global change', 'agriculture', 'development']"
32,Fleishman,Erica Fleishman,UCSB,Erica Fleishman UCSB,ERI,,,2009,,none,none,none
33,Florsheim,Joan Florsheim,UCSB,Joan Florsheim UCSB,ERI,,,2012,,0k1FGKQAAAAJ,https://scholar.google.com/citations?user=0k1FGKQAAAAJ&view_op=list_works&sortby=pubdate,"['Fluvial Geomorphology', 'Hydrology', 'Earth Surface Processes']"
34,Freeston,Michael Freeston,UCSB,Michael Freeston UCSB,ICESS,,,,2009,none,none,none
35,Freudenburg,William Freudenburg,UCSB,William Freudenburg UCSB,Environmental Studies,,,,2011,none,none,none
36,Frew,James Frew,UCSB,James Frew UCSB,Bren,,,2009,,nxF4XdQAAAAJ,https://scholar.google.com/citations?user=nxF4XdQAAAAJ&view_op=list_works&sortby=pubdate,['environmental informatics']
37,Gaines,Steven Gaines,UCSB,Steven Gaines UCSB,Bren,,,2009,2014,L_VT3-cAAAAJ,https://scholar.google.com/citations?user=L_VT3-cAAAAJ&view_op=list_works&sortby=pubdate,"['Conservation Biology', 'Marine Ecology']"
38,Gans,Phil Gans,UCSB,Phil Gans UCSB,Earth Science,,,2012,,m7tnZn8AAAAJ,https://scholar.google.com/citations?user=m7tnZn8AAAAJ&view_op=list_works&sortby=pubdate,"['Structural Geology', 'Tectonics', 'Volcanology', 'Geochronology', 'Ore Deposits']"
39,Catherine,Catherine Gautier,UCSB,Catherine Gautier UCSB,Geography,,,2009,2011,none,none,none
40,Geyer,Roland Geyer,UCSB,Roland Geyer UCSB,Bren,,,2009,2014,YhCLK5kAAAAJ,https://scholar.google.com/citations?user=YhCLK5kAAAAJ&view_op=list_works&sortby=pubdate,['Roland Geyer']
41,Goodchild,Michael Goodchild,UCSB,Michael Goodchild UCSB,Geography,,,2010,2011,none,none,none
42,Stacia,Stacia Gordon,"University of Nevada, Reno","Stacia Gordon University of Nevada, Reno",ERI,,,2009,2012,nN7Tq2AAAAAJ,https://scholar.google.com/citations?user=nN7Tq2AAAAAJ&view_op=list_works&sortby=pubdate,['Stacia Gordon']
43,Gurrola,Larry Gurrola,UCSB,Larry Gurrola UCSB,Crustal Studies,,,2009,2010,none,none,none
44,Hacker,Bradley Hacker,UCSB,Bradley Hacker UCSB,Earth Science,,,2009,,KSvF4pEAAAAJ,https://scholar.google.com/citations?user=KSvF4pEAAAAJ&view_op=list_works&sortby=pubdate,"['geochronology', 'metamorphic petrology', 'tectonics', 'petrochronology', 'metamorphic geology']"
45,Halpern,Ben Halpern,UCSB,Ben Halpern UCSB,Bren,,,2010,,6XVuz14AAAAJ,https://scholar.google.com/citations?user=6XVuz14AAAAJ&view_op=list_works&sortby=pubdate,"['Marine ecology', 'conservation biology']"
46,Hannah,Lee Hannah,Conservation International,Lee Hannah Conservation International,Bren,,,2009,,IX0xGBYAAAAJ,https://scholar.google.com/citations?user=IX0xGBYAAAAJ&view_op=list_works&sortby=pubdate,['climate change biology']
47,Harthorn,Barbara Harthorn,UCSB,Barbara Harthorn UCSB,Feminist Studies and Anthropology,,,2009,,NnxLL5YAAAAJ,https://scholar.google.com/citations?user=NnxLL5YAAAAJ&view_op=list_works&sortby=pubdate,"['Risk perception', 'medical anthropology', 'health inequality', 'environmental health', 'deliberation']"
48,Haymon,Rachel Haymon,UCSB,Rachel Haymon UCSB,Earth Science,,,2009,2010,6g-jc54AAAAJ,https://scholar.google.com/citations?user=6g-jc54AAAAJ&view_op=list_works&sortby=pubdate,['Rachel Haymon']
49,Hayton,Trevor Hayton,UCSB,Trevor Hayton UCSB,Chemistry and Biochemistry,,,2009,,none,none,none
50,Hess,Laura Hess,UCSB,Laura Hess UCSB,ERI,,,2009,,ple6DvYAAAAJ,https://scholar.google.com/citations?user=ple6DvYAAAAJ&view_op=list_works&sortby=pubdate,"['Remote Sensing', 'Wetland Ecology/Hydrology/Conservation', 'Land Cover / Land Use Change', 'Object-based Image Analysis', 'Synthetic Aperture Radar']"
51,Holden,Patricia Holden,UCSB,Patricia Holden UCSB,Bren and NRS,,,2009,,UgmA89cAAAAJ,https://scholar.google.com/citations?user=UgmA89cAAAAJ&view_op=list_works&sortby=pubdate,"['Water Quality', 'Soil Processes', 'Pollution']"
52,Israelachvili,Jacob Israelachvili,UCSB,Jacob Israelachvili UCSB,Chemical Engineering,,,2010,2011,3logIuYAAAAJ,https://scholar.google.com/citations?user=3logIuYAAAAJ&view_op=list_works&sortby=pubdate,['surface forces']
53,Jackson,Matthew Jackson,UCSB,Matthew Jackson UCSB,Earth Science,,,2013,,dDNiAwEAAAAJ,https://scholar.google.com/citations?user=dDNiAwEAAAAJ&view_op=list_works&sortby=pubdate,"['Geochemistry', 'Geology']"
54,Janee,Greg Janee,UCSB,Greg Janee UCSB,ERI,,,2009,,none,none,none
55,Ji,Chen Ji,UCSB,Chen Ji UCSB,Earth Science,,,2009,,M0ZSdNUAAAAJ,https://scholar.google.com/citations?user=M0ZSdNUAAAAJ&view_op=list_works&sortby=pubdate,['Earthquake Seismology']
56,Johnson,Brenda Johnson,UCSB,Brenda Johnson UCSB,Library,,,,2009,none,none,none
57,Jones,Charles Jones,UCSB,Charles Jones UCSB,Geography,,,2009,,PHyhP_AAAAAJ,https://scholar.google.com/citations?user=PHyhP_AAAAAJ&view_op=list_works&sortby=pubdate,"['meteorology', 'climate', 'climate change', 'predictability', 'climate variability']"
58,Kay,Matthew Kay,UCSB,Matthew Kay UCSB,ERI,,,2009,2012,none,none,none
59,Keller,Arturo Keller,UCSB,Arturo Keller UCSB,Bren,,,2009,,zXQpymQAAAAJ,https://scholar.google.com/citations?user=zXQpymQAAAAJ&view_op=list_works&sortby=pubdate,"['Environment', 'Water Resources Management']"
60,Keller,Edward Keller,UCSB,Edward Keller UCSB,Earth Science and Environmental Studies,,,2009,,MlDIrsgAAAAJ,https://scholar.google.com/citations?user=MlDIrsgAAAAJ&view_op=list_works&sortby=pubdate,"['Earth Surface Processes', 'Environmental Geology']"
61,Kellett,Dawn Kellett,Geological Survey of Canada,Dawn Kellett Geological Survey of Canada,Earth Science,,,2010,2012,xplysJkAAAAJ,https://scholar.google.com/citations?user=xplysJkAAAAJ&view_op=list_works&sortby=pubdate,"['Tectonics', 'Geochronology', 'Thermochronology']"
62,Kendall,Bruce Kendall,UCSB,Bruce Kendall UCSB,Bren,,,2009,,sD8YzJgAAAAJ,https://scholar.google.com/citations?user=sD8YzJgAAAAJ&view_op=list_works&sortby=pubdate,"['Theoretical Ecology', 'Conservation Biology', 'Population Ecology', 'Fisheries Management']"
63,King,Jennifer King,UCSB,Jennifer King UCSB,Geography,,,2009,,yaLhLgkAAAAJ,https://scholar.google.com/citations?user=yaLhLgkAAAAJ&view_op=list_works&sortby=pubdate,"['Biogeochemistry', 'Earth System Science']"
64,Kirtman,Bernard Kirtman,UCSB,Bernard Kirtman UCSB,Chemistry,,,2010,2011,none,none,none
65,Kolstad,Charles Kolstad,UCSB,Charles Kolstad UCSB,Economics and Bren,,,2009,2010,none,none,none
66,Kooijman,Helena Kooijman,"Swedish Museum of Natural History, Stockholm","Helena Kooijman Swedish Museum of Natural History, Stockholm",Earth Science,,,2011,2013,none,none,none
67,Kylander-Clark,Andrew Kylander-Clark,UCSB,Andrew Kylander-Clark UCSB,Earth Science,,,2009,,RlddbsMAAAAJ,https://scholar.google.com/citations?user=RlddbsMAAAAJ&view_op=list_works&sortby=pubdate,['Andrew Kylander-Clark']
68,Kyriakidis,Phaedon Kyriakidis,Cyprus University of Technology,Phaedon Kyriakidis Cyprus University of Technology,Geography,,,2009,2011,Z7cYMycAAAAJ,https://scholar.google.com/citations?user=Z7cYMycAAAAJ&view_op=list_works&sortby=pubdate,"['geoanalytics', 'geocomputation', 'geoinformatics', 'geostatistics', 'GIS']"
69,Lampoudi,Sotiria Lampoudi,UCSB,Sotiria Lampoudi UCSB,ERI,,,2011,2012,none,none,none
70,Langer,Jim Langer,UCSB,Jim Langer UCSB,Physics,,,2010,2012,none,none,none
71,Lavallee,Daniel Lavallee,UCSB,Daniel Lavallee UCSB,ERI,,,2009,2014,none,none,none
72,Leifer,Ira Leifer,UCSB,Ira Leifer UCSB,Marine Science Institute,,,2010,2014,RLQzka0AAAAJ,https://scholar.google.com/citations?user=RLQzka0AAAAJ&view_op=list_works&sortby=pubdate,['Ira Leifer']
73,Lenihan,Hunter Lenihan,UCSB,Hunter Lenihan UCSB,Bren,,,2009,,i7R7100AAAAJ,https://scholar.google.com/citations?user=i7R7100AAAAJ&view_op=list_works&sortby=pubdate,['Applied Marine Ecology and Fisheries …']
74,Levy,Marina Levy,LOCEAN IPSL UPMC CNRS,Marina Levy LOCEAN IPSL UPMC CNRS,ERI,,,2012,2013,EAgdP-8AAAAJ,https://scholar.google.com/citations?user=EAgdP-8AAAAJ&view_op=list_works&sortby=pubdate,['Marina Levy']
75,Lopez-Carr,David Lopez-Carr,UCSB,David Lopez-Carr UCSB,Geography,,,2009,2010,w_JW40AAAAAJ,https://scholar.google.com/citations?user=w_JW40AAAAAJ&view_op=list_works&sortby=pubdate,"['population', 'health', 'environment']"
76,Luyendyk,Bruce Luyendyk,UCSB,Bruce Luyendyk UCSB,Earth Science,,,2009,,7zp4a0gAAAAJ,https://scholar.google.com/citations?user=7zp4a0gAAAAJ&view_op=list_works&sortby=pubdate,"['marine geology', 'California geology', 'Antarctica', 'plate tectonics', 'paleoclimate']"
77,MacIntyre,Sally MacIntyre,UCSB,Sally MacIntyre UCSB,EEMB,,,2009,,GPlRHI8AAAAJ,https://scholar.google.com/citations?user=GPlRHI8AAAAJ&view_op=list_works&sortby=pubdate,"['Limnology', 'Oceanography', 'Physical-Biological Coupling']"
78,Maritorena,Stephane Maritorena,UCSB,Stephane Maritorena UCSB,ERI,,,2009,,none,none,none
79,Mattinson,James Mattinson,UCSB,James Mattinson UCSB,Earth Science,,,2009,2013,none,none,none
80,McCauley,Ed McCauley,UCSB,Ed McCauley UCSB,NCEAS,,,2010,2012,none,none,none
81,McFadden,Joseph McFadden,UCSB,Joseph McFadden UCSB,Geography,,,2009,,none,none,none
82,Means,Jay Means,UCSB,Jay Means UCSB,Bren,,,2013,,XTMiJv0AAAAJ,https://scholar.google.com/citations?user=XTMiJv0AAAAJ&view_op=list_works&sortby=pubdate,['Environmental chemistry and toxicology']
83,Melack,John Melack,UCSB,John Melack UCSB,Bren and EEMB,,,2009,,Vvo98qYAAAAJ,https://scholar.google.com/citations?user=Vvo98qYAAAAJ&view_op=list_works&sortby=pubdate,['Limnology']
84,Michalides,Katerina Michalides,University of Bristol,Katerina Michalides University of Bristol,ERI,,,2014,,SW4AbDkAAAAJ,https://scholar.google.com/citations?user=SW4AbDkAAAAJ&view_op=list_works&sortby=pubdate,['Katerina Michaelides']
85,Michaelsen,Joel Michaelsen,UCSB,Joel Michaelsen UCSB,Geography,,,2009,2013,none,none,none
86,Miller,Robert Miller,UCSB,Robert Miller UCSB,Marine Science Institute and ERI,,,2009,,RpbG49IAAAAJ,https://scholar.google.com/citations?user=RpbG49IAAAAJ&view_op=list_works&sortby=pubdate,['Marine Ecology']
87,Molinari,Nicole Molinari,US Forest Service,Nicole Molinari US Forest Service,EEMB,,,2011,,wQihAKsAAAAJ,https://scholar.google.com/citations?user=wQihAKsAAAAJ&view_op=list_works&sortby=pubdate,"['Plant Ecology', 'Fire Ecology', 'Community Ecology']"
88,Nelson,Craig Nelson,University of Hawaiʻi at Mānoa,Craig Nelson University of Hawaiʻi at Mānoa,EEMB,,,,2009,nIXTkhsAAAAJ,https://scholar.google.com/citations?user=nIXTkhsAAAAJ&view_op=list_works&sortby=pubdate,"['Microbial Ecology', 'Biogeochemistry', 'Ecosystem Science', 'Oceanography', 'Limnology']"
89,Nelson,Norm Nelson,UCSB,Norm Nelson UCSB,ERI,,,2009,,none,none,none
90,Nisbet,Roger Nisbet,UCSB,Roger Nisbet UCSB,EEMB,,,2009,,l_9TshUAAAAJ,https://scholar.google.com/citations?user=l_9TshUAAAAJ&view_op=list_works&sortby=pubdate,"['Ecology', 'Environmental science']"
91,O'Donovan,John O'Donovan,UCSB,John O'Donovan UCSB,Computer Science,,,2009,2010,LKfYtakAAAAJ,https://scholar.google.com/citations?user=LKfYtakAAAAJ&view_op=list_works&sortby=pubdate,"['AI/ML', 'Recommender Systems', 'Trust', 'Human-Computer Interaction']"
92,Ohlmann,Carter Ohlmann,UCSB,Carter Ohlmann UCSB,ERI,,,2009,,QWzlRW0AAAAJ,https://scholar.google.com/citations?user=QWzlRW0AAAAJ&view_op=list_works&sortby=pubdate,['oceanography']
93,Plantinga,Andrew Plantinga,UCSB,Andrew Plantinga UCSB,Bren,,,2012,2013,mmfntE0AAAAJ,https://scholar.google.com/citations?user=mmfntE0AAAAJ&view_op=list_works&sortby=pubdate,['Environmental economics']
94,Porter,Susannah Porter,UCSB,Susannah Porter UCSB,Earth Science and ERI,,,2009,,O_Fcmwy21PIC,https://scholar.google.com/citations?user=O_Fcmwy21PIC&view_op=list_works&sortby=pubdate,['Paleobiology']
95,Pulver,Simone Pulver,UCSB,Simone Pulver UCSB,Environmental Studies,,,2009,,rsyLfcEAAAAJ,https://scholar.google.com/citations?user=rsyLfcEAAAAJ&view_op=list_works&sortby=pubdate,['Simone Pulver']
96,Raubal,Martin Raubal,ETH Zurich,Martin Raubal ETH Zurich,Geography,,,,2009,EjJ4kswAAAAJ,https://scholar.google.com/citations?user=EjJ4kswAAAAJ&view_op=list_works&sortby=pubdate,['Geographic Information Science']
97,Reed,Daniel Reed,UCSB,Daniel Reed UCSB,Marine Science Institute,,,2010,2011,8I3rAqsAAAAJ,https://scholar.google.com/citations?user=8I3rAqsAAAAJ&view_op=list_works&sortby=pubdate,['marine ecology']
98,Rioux,Matthew Rioux,UCSB,Matthew Rioux UCSB,ERI,,,2010,,n4zOvXkAAAAJ,https://scholar.google.com/citations?user=n4zOvXkAAAAJ&view_op=list_works&sortby=pubdate,['Geology']
99,Roberts,Dar Roberts,UCSB,Dar Roberts UCSB,Geography,,,2009,,v5VGkXMAAAAJ,https://scholar.google.com/citations?user=v5VGkXMAAAAJ&view_op=list_works&sortby=pubdate,['Remote sensing']
100,Romero,Leonel Romero,UCSB,Leonel Romero UCSB,Marine Science Institute and ERI,,,2011,,NZtZHmEgTw4C,https://scholar.google.com/citations?user=NZtZHmEgTw4C&view_op=list_works&sortby=pubdate,"['Upper Ocean Processes', 'Ocean Waves', 'Air-Sea Interaction', 'Coastal Processes']"
101,Rood,Dylan Rood,Imperial College London,Dylan Rood Imperial College London,ERI,,,2011,,vjpTSA8AAAAJ,https://scholar.google.com/citations?user=vjpTSA8AAAAJ&view_op=list_works&sortby=pubdate,"['Cosmogenic Isotopes & Accelerator Mass …', 'Tectonic Geomorphology', 'Climate Change', 'Earthquake Hazards']"
102,Ryan,Sadie Ryan,University of Florida,Sadie Ryan University of Florida,NCEAS,,,2011,2012,pPLqtm0AAAAJ,https://scholar.google.com/citations?user=pPLqtm0AAAAJ&view_op=list_works&sortby=pubdate,"['Medical Geography', 'Disease Ecology', 'Conservation Biology', 'Population Ecology', 'Landscape Ecology']"
103,Safinya,Cyrus Safinya,UCSB,Cyrus Safinya UCSB,Materials and Physics,,,2011,2012,ZP1S8FYAAAAJ,https://scholar.google.com/citations?user=ZP1S8FYAAAAJ&view_op=list_works&sortby=pubdate,"['Biophysics', 'Biomolecular Materials', 'Self-Assembly', 'SAXS', 'Liquid Crystals']"
104,Schimel,Joshua Schimel,UCSB,Joshua Schimel UCSB,EEMB,,,2009,,uzDaznAAAAAJ,https://scholar.google.com/citations?user=uzDaznAAAAAJ&view_op=list_works&sortby=pubdate,"['soil science', 'ecology', 'arctic science', 'microbial ecology']"
105,Schweizer,Diane Schweizer,UCSB,Diane Schweizer UCSB,ICESS,,,,2009,none,none,none
106,Seale,Sandra Seale,UCSB,Sandra Seale UCSB,ERI,,,2009,2013,none,none,none
107,Shi,Jiancheng Shi,"Institute of Remote Sensing and Digital Earth, Chinese Academy of Sciences","Jiancheng Shi Institute of Remote Sensing and Digital Earth, Chinese Academy of Sciences",ERI,,,2009,,LMhQkYAAAAAJ,https://scholar.google.com/citations?user=LMhQkYAAAAAJ&view_op=list_works&sortby=pubdate,"['water cycle', 'hydrology', 'water resources', 'remote sensing']"
108,Siegel,David Siegel,UCSB,David Siegel UCSB,Geography and ERI,,,2009,,i5ZL1ywAAAAJ,https://scholar.google.com/citations?user=i5ZL1ywAAAAJ&view_op=list_works&sortby=pubdate,"['Oceanography', 'Marine Science', 'Biogeochemistry', 'Remote Sensing', 'Spatial Ecology']"
109,Silva,Thiago Silva,University of Stirling,Thiago Silva University of Stirling,ERI,,,2013,,hpPTEmcAAAAJ,https://scholar.google.com/citations?user=hpPTEmcAAAAJ&view_op=list_works&sortby=pubdate,"['ecosystems ecology', 'plant ecology', 'macroecology', 'climate change', 'remote sensing']"
110,Simms,Alexander Simms,UCSB,Alexander Simms UCSB,Earth Science,,,2009,,1pt8QIsAAAAJ,https://scholar.google.com/citations?user=1pt8QIsAAAAJ&view_op=list_works&sortby=pubdate,"['Sedimentology', 'Coastal Geology', 'Quaternary Science', 'Antarctica']"
111,Simons,Rachel Simons,UCSB,Rachel Simons UCSB,ERI,,,2010,,gAHeXcUAAAAJ,https://scholar.google.com/citations?user=gAHeXcUAAAAJ&view_op=list_works&sortby=pubdate,['Coastal Oceanography']
112,Singer,Michael Singer,UCSB,Michael Singer UCSB,ERI,,,2009,,LT_zsYAAAAAJ,https://scholar.google.com/citations?user=LT_zsYAAAAAJ&view_op=list_works&sortby=pubdate,"['geomorphology', 'hydrology', 'ecohydrology', 'sediment transport', 'flood risk']"
113,Sistla,Seeta Sistla,Cal Poly,Seeta Sistla Cal Poly,ERI,,,2010,,I0KmcCIAAAAJ,https://scholar.google.com/citations?user=I0KmcCIAAAAJ&view_op=list_works&sortby=pubdate,"['Ecosystem ecology', 'biogeochemistry', 'soil ecology']"
114,CSmith,Raymond Smith,UCSB,Raymond Smith UCSB,Geography,,,2009,,none,none,none
115,Smith,Terence Smith,UCSB,Terence Smith UCSB,Computer Science,,,,2010,none,none,none
116,Sorlien,Christopher Sorlien,UCSB,Christopher Sorlien UCSB,ERI,,,2009,,fOMtKyAAAAAJ,https://scholar.google.com/citations?user=fOMtKyAAAAAJ&view_op=list_works&sortby=pubdate,"['""seismic reflection""', '""faulting and folding""', 'past climates']"
117,Spera,Frank Spera,UCSB,Frank Spera UCSB,Earth Science,,,2009,,E3cCohYAAAAJ,https://scholar.google.com/citations?user=E3cCohYAAAAJ&view_op=list_works&sortby=pubdate,"['Geomaterials', 'Magma Transport Phenomena', 'Molecular Dynamics', 'Volcanology']"
118,Steidl,Jamison Steidl,UCSB,Jamison Steidl UCSB,ERI,,,2009,,Rop09V8AAAAJ,https://scholar.google.com/citations?user=Rop09V8AAAAJ&view_op=list_works&sortby=pubdate,"['Seismology', 'Earthquake Engineering', 'Site Response', 'Strong Ground Motion', 'Earthquake Physics']"
119,Still,Christopher Still,Oregon State University,Christopher Still Oregon State University,Geography,,,,2012,A44mG4sAAAAJ,https://scholar.google.com/citations?user=A44mG4sAAAAJ&view_op=list_works&sortby=pubdate,"['plant ecophysiology', 'biogeography', 'climate change', 'earth system science', 'biogeochemistry']"
120,Stoms,David Stoms,UCSB,David Stoms UCSB,ERI,,,,2012,none,none,none
121,Stratton,Lisa Stratton,UCSB,Lisa Stratton UCSB,CCBER,,,2011,,none,none,none
122,Stucky,Galen Stucky,UCSB,Galen Stucky UCSB,Chemistry and Biochemistry,,,2009,,9t14TKcAAAAJ,https://scholar.google.com/citations?user=9t14TKcAAAAJ&view_op=list_works&sortby=pubdate,['Galen Stucky']
123,Suh,Sangwon Suh,UCSB,Sangwon Suh UCSB,Bren,,,2009,,y_uuPP0AAAAJ,https://scholar.google.com/citations?user=y_uuPP0AAAAJ&view_op=list_works&sortby=pubdate,"['Industrial Ecology', 'Life Cycle Assessment', 'Sustainability']"
124,Sweeney,Stuart Sweeney,UCSB,Stuart Sweeney UCSB,Geography,,,,2009,QebCBSUAAAAJ,https://scholar.google.com/citations?user=QebCBSUAAAAJ&view_op=list_works&sortby=pubdate,['Stuart Sweeney']
125,Sweet,Samuel Sweet,UCSB,Samuel Sweet UCSB,EEMB,,,2009,,t07iyOAAAAAJ,https://scholar.google.com/citations?user=t07iyOAAAAAJ&view_op=list_works&sortby=pubdate,"['herpetology', 'macroevolution']"
126,Tague,Christina Tague,UCSB,Christina Tague UCSB,Bren,,,2009,,YqRA7csAAAAJ,https://scholar.google.com/citations?user=YqRA7csAAAAJ&view_op=list_works&sortby=pubdate,"['Hydrology', 'Ecosystems', 'Modeling', 'Informatics', 'Biogeochemical Cycling']"
127,Tanimoto,Toshiro Tanimoto,UCSB,Toshiro Tanimoto UCSB,Earth Science,,,2009,,tHnXe84AAAAJ,https://scholar.google.com/citations?user=tHnXe84AAAAJ&view_op=list_works&sortby=pubdate,"['Geophysics', 'Seismology']"
128,Thorsch,Jennifer Thorsch,UCSB,Jennifer Thorsch UCSB,CCBER,,,2011,,none,none,none
129,Tyler,Claudia Tyler,UCSB,Claudia Tyler UCSB,ERI,,,,2011,#NAME?,https://scholar.google.com/citations?user=-H7Y-VUAAAAJ&view_op=list_works&sortby=pubdate,"['community ecology', 'plant ecology', 'shrublands', 'oak woodlands']"
130,Valentine,David Valentine,UCSB,David Valentine UCSB,Earth Science,,,,2012,UvoDtbcAAAAJ,https://scholar.google.com/citations?user=UvoDtbcAAAAJ&view_op=list_works&sortby=pubdate,"['Microbiology', 'Geochemistry', 'Oceanography']"
131,Wan,Zhengming Wan,UCSB,Zhengming Wan UCSB,ERI,,,,2013,none,none,none
132,Warner,Robert Warner,UCSB,Robert Warner UCSB,EEMB,,,,2010,EnWAN9gAAAAJ,https://scholar.google.com/citations?user=EnWAN9gAAAAJ&view_op=list_works&sortby=pubdate,"['evolution', 'behavior', 'ecology', 'conservation']"
133,Washburn,Libe Washburn,UCSB,Libe Washburn UCSB,Geography,,,,2011,8PNXV2wAAAAJ,https://scholar.google.com/citations?user=8PNXV2wAAAAJ&view_op=list_works&sortby=pubdate,['Libe Washburn']
134,Weldeab,Syee Weldeab,UCSB,Syee Weldeab UCSB,Earth Science,,,2013,,uLjMZtQAAAAJ,https://scholar.google.com/citations?user=uLjMZtQAAAAJ&view_op=list_works&sortby=pubdate,"['Paleoclimate', 'Paleoceanography']"
135,Wilkinson,Bob Wilkinson,UCSB,Bob Wilkinson UCSB,Environmental Studies,,,,2009,none,none,none
136,Wilson,Douglas Wilson,UCSB,Douglas Wilson UCSB,Marine Science Institute,,,,2011,M772yLUAAAAJ,https://scholar.google.com/citations?user=M772yLUAAAAJ&view_op=list_works&sortby=pubdate,['Geophysics']
0,Anderson,Sarah Anderson, UCSB,Sarah Anderson UCSB,Bren,Environmental Politics ,Environmental Politics,2007,,RCP0c0kAAAAJ,https://scholar.google.com/citations?user=RCP0c0kAAAAJ&view_op=list_works&sortby=pubdate,"['environmental politics', 'legislative politics', 'wildfire']"
1,Buntaine,Mark Buntaine, UCSB,Mark Buntaine UCSB,Bren,International Relations and Environmental Policy,Environmental Politics,2013,,RzT0j3EAAAAJ,https://scholar.google.com/citations?user=RzT0j3EAAAAJ&view_op=list_works&sortby=pubdate,"['environmental politics', 'governance', 'foreign aid', 'international organizations', 'accountability']"
2,Meng,Kyle C. Meng, UCSB,Kyle Meng UCSB,Bren,Environmental Economics; Climate Change,Environmental Economics,2014,,BV2TtRkAAAAJ,https://scholar.google.com/citations?user=BV2TtRkAAAAJ&view_op=list_works&sortby=pubdate,"['environmental economics', 'climate change', 'political economy']"
3,Costello,Christopher Costello, UCSB,Christopher Costello UCSB,Bren,Environmental economics - regulation and natural resource management under uncertainty,Environmental Economics; Conservation,,,38CdyQoAAAAJ,https://scholar.google.com/citations?user=38CdyQoAAAAJ&view_op=list_works&sortby=pubdate,"['Natural resource economics', 'fisheries', 'uncertainty']"
4,Davis,Frank Davis, UCSB,Frank Davis UCSB,Bren,"Landscape Ecology, Conservation Planning",Biogeography/Landscape Ecology; LULCC; Conservation,,2023,FgUUzKkAAAAJ,https://scholar.google.com/citations?user=FgUUzKkAAAAJ&view_op=list_works&sortby=pubdate,['Frank W Davis']
5,Dozier,Jeff Dozier, UCSB,Jeff Dozier UCSB,Bren,"Snow Hydrology, Earth System Science, Remote Sensing",Cryospheric Sciences; Hydrology,,2018,xf0GIdEAAAAJ,https://scholar.google.com/citations?user=xf0GIdEAAAAJ&view_op=list_works&sortby=pubdate,['Jeff Dozier']
6,Dunne,Thomas Dunne, UCSB,Thomas Dunne UCSB,Bren,"Geomorphology, Hydrology","Geomorphology, hydrology",,2018,C1BC1sIAAAAJ,https://scholar.google.com/citations?user=C1BC1sIAAAAJ&view_op=list_works&sortby=pubdate,['Tom Dunne']
7,Frew,James Frew, UCSB,James Frew UCSB,Bren,"Environmental Information Management, digital libraries, snow hydrology",GIScience,1997,,nxF4XdQAAAAJ,https://scholar.google.com/citations?user=nxF4XdQAAAAJ&view_op=list_works&sortby=pubdate,['environmental informatics']
8,Gaines,Steve Gaines, UCSB,Steve Gaines UCSB,Bren,"Marine Science, Sustainable Fisheries",Population Ecology; Community Ecology; Conservation; Marine Ecology,,,L_VT3-cAAAAJ,https://scholar.google.com/citations?user=L_VT3-cAAAAJ&view_op=list_works&sortby=pubdate,"['Conservation Biology', 'Marine Ecology']"
9,Geyer,Roland Geyer, UCSB,Roland Geyer UCSB,Bren,"Industrial Ecology, Production and Operations Management",Industrial Ecology,2003,,YhCLK5kAAAAJ,https://scholar.google.com/citations?user=YhCLK5kAAAAJ&view_op=list_works&sortby=pubdate,['Roland Geyer']
10,Halpern,Ben Halpern, UCSB,Ben Halpern UCSB,Bren,Marine ecology and conservation biology,"Landscape, Marine and Spatial Ecology; Conservation",2013,,6XVuz14AAAAJ,https://scholar.google.com/citations?user=6XVuz14AAAAJ&view_op=list_works&sortby=pubdate,"['Marine ecology', 'conservation biology']"
11,Holden,Patricia Holden, UCSB,Patricia Holden UCSB,Bren,"Environmental Microbiology – soil science, water quality",Soils; Env Microbiology,,,UgmA89cAAAAJ,https://scholar.google.com/citations?user=UgmA89cAAAAJ&view_op=list_works&sortby=pubdate,"['Water Quality', 'Soil Processes', 'Pollution']"
12,Jack,Kelsey Jack, UCSB,Kelsey Jack UCSB,Bren,Environment and Development Economics,Environmental Economics,2018,,RaYb-oMAAAAJ,https://scholar.google.com/citations?user=RaYb-oMAAAAJ&view_op=list_works&sortby=pubdate,"['Microeconomics', 'Field Experiments', 'Environmental Economics', 'Development Economics']"
13,Jasechko,Scott Jasechko, UCSB,Scott Jasechko UCSB,Bren,Freshwater Resources,"Hydrology, Water Resources",2017,,9lzSDgcAAAAJ,https://scholar.google.com/citations?user=9lzSDgcAAAAJ&view_op=list_works&sortby=pubdate,"['water resources', 'large data', 'geochemistry', 'hydrology', 'global change']"
14,Keller,Arturo Keller, UCSB,Arturo Keller UCSB,Bren,"Fate & Transport, Watershed Mgmt, Remediation, Pollution Prevention, nanotechnology",Hydrology; Limnology/Aquatic Ecosystems ,,,zXQpymQAAAAJ,https://scholar.google.com/citations?user=zXQpymQAAAAJ&view_op=list_works&sortby=pubdate,"['Environment', 'Water Resources Management']"
15,Kendall,Bruce Kendall, UCSB,Bruce Kendall UCSB,Bren,"Theoretical ecology, spatial ecology, ",Population & Spatial Ecology,,,sD8YzJgAAAAJ,https://scholar.google.com/citations?user=sD8YzJgAAAAJ&view_op=list_works&sortby=pubdate,"['Theoretical Ecology', 'Conservation Biology', 'Population Ecology', 'Fisheries Management']"
16,Larsen,Ashley Larsen, UCSB,Ashley Larsen UCSB,Bren,"Agricultural Ecology, Land Use, Landscape Ecology",Landscape Ecology; LULLC; Food Systems,2017,,jycJQRMAAAAJ,https://scholar.google.com/citations?user=jycJQRMAAAAJ&view_op=list_works&sortby=pubdate,"['Sustainable agriculture', 'Ecology', 'Global change', 'Land use', 'Applied econometrics']"
17,Lenihan,Hunter Lenihan, UCSB,Hunter Lenihan UCSB,Bren,"Applied Marine Ecology, Coastal Marine Resources Management",Community Ecology; Conservation; Marine Ecology,,,i7R7100AAAAJ,https://scholar.google.com/citations?user=i7R7100AAAAJ&view_op=list_works&sortby=pubdate,['Applied Marine Ecology and Fisheries …']
18,Libecap,Gary Libecap, UCSB,Gary Libecap UCSB,Bren,Corporate Environmental Management,Environmental Economics,,2019,SxcotMcAAAAJ,https://scholar.google.com/citations?user=SxcotMcAAAAJ&view_op=list_works&sortby=pubdate,['Gary Libecap']
19,Melack,John Melack, UCSB,John Melack UCSB,Bren,"Biology, Ecology, Limnology",Limnology/Aquatic Ecosystems; Ecosystem Ecology; Hydrology;,,2021,Vvo98qYAAAAJ,https://scholar.google.com/citations?user=Vvo98qYAAAAJ&view_op=list_works&sortby=pubdate,['Limnology']
20,Plantinga,Andrew Plantinga, UCSB,Andrew Plantinga UCSB,Bren,Natural Resource Economics and Policy,Environmental Economics,2013,,mmfntE0AAAAJ,https://scholar.google.com/citations?user=mmfntE0AAAAJ&view_op=list_works&sortby=pubdate,['Environmental economics']
21,Potoski,Matthew Potoski, UCSB,Matthew Potoski UCSB,Bren,Corporate Environmental Management,Environmental Politics,2011,,mruBPJUAAAAJ,https://scholar.google.com/citations?user=mruBPJUAAAAJ&view_op=list_works&sortby=pubdate,['Matthew Potoski']
22,Salzman,James Salzman, UCSB,James Salzman UCSB,Bren,Environmental Law,Environmental Law,2015,,qD5L-u0AAAAJ,https://scholar.google.com/citations?user=qD5L-u0AAAAJ&view_op=list_works&sortby=pubdate,"['environmental law', 'environmental policy', 'environmental economics']"
23,Suh,Sangwon Suh, UCSB,Sangwon Suh UCSB,Bren,"Corporate Environmental Management, Industrial Ecology, Life Cycle Assessment",Industrial Ecology,2011,,y_uuPP0AAAAJ,https://scholar.google.com/citations?user=y_uuPP0AAAAJ&view_op=list_works&sortby=pubdate,"['Industrial Ecology', 'Life Cycle Assessment', 'Sustainability']"
24,Tague,Naomi Tague, UCSB,Christina Tague UCSB,Bren,"Hydrology and ecosystem processes, modeling eco-hydrologic systems as altered by land use and climate",Ecosystem Ecology; Hydrology; LULCC,,,YqRA7csAAAAJ,https://scholar.google.com/citations?user=YqRA7csAAAAJ&view_op=list_works&sortby=pubdate,"['Hydrology', 'Ecosystems', 'Modeling', 'Informatics', 'Biogeochemical Cycling']"
25,Tilman,David Tilman, UCSB,David Tilman UCSB,Bren,"Ecology, Biodiversity, Ecosystem Functioning",Population Ecology; Community Ecology; Conservation,,2022,xlfT8vcAAAAJ,https://scholar.google.com/citations?user=xlfT8vcAAAAJ&view_op=list_works&sortby=pubdate,"['ecology', 'sustainability', 'biodiversity', 'diet-health', 'agriculture']"
26,Stucky,Galen Stucky, UCSB,Galen Stucky UCSB,Chemistry & Biochemistry,"Inorganic Chemistry, Materials Chemistry",Materials,,2022,9t14TKcAAAAJ,https://scholar.google.com/citations?user=9t14TKcAAAAJ&view_op=list_works&sortby=pubdate,['Galen Stucky']
27,Archuleta,Ralph Archuleta, UCSB,Ralph Archuleta UCSB,Earth Science,"Seismic Source Studies, Strong Motion Seismology",Geophysics,,2014,Vj8zKdEAAAAJ,https://scholar.google.com/citations?user=Vj8zKdEAAAAJ&view_op=list_works&sortby=pubdate,['Seismology']
28,Awramik,Stanley Awramik, UCSB,Stanley Awramik UCSB,Earth Science,Pre-Phanerozoic Biogeology,Paleobiology,,2022,none,none,none
29,Burbank,Douglas Burbank, UCSB,Douglas Burbank UCSB,Earth Science,"Tectonic Geomorphology, Collisional Orogens, Sedimentation and Tectonics, Surface Processes",Geomorphology; Tectonics; Cryospheric Sciences,,2017,Y_DNpx4AAAAJ,https://scholar.google.com/citations?user=Y_DNpx4AAAAJ&view_op=list_works&sortby=pubdate,['Douglas Burbank']
30,Busby,Cathy Busby, UCSB,Cathy Busby UC Davis,Earth Science,Sedimentology and Stratigraphy of Active Margins,"Sedimentology, Tectonics; Volcanology",,2014,AYD4j7sAAAAJ,https://scholar.google.com/citations?user=AYD4j7sAAAAJ&view_op=list_works&sortby=pubdate,"['Tectonics', 'Sedimentology', 'Volcanology', 'Stratigraphy']"
31,Clark,Jordan Clark, UCSB,Jordan Clark UCSB,Earth Science,"Hydrogeology, Aqueous Geochemistry",Hydrology; Limnology,,,4UIEFcIAAAAJ,https://scholar.google.com/citations?user=4UIEFcIAAAAJ&view_op=list_works&sortby=pubdate,"['geochemistry', 'geology', 'hydrology', 'oceanography']"
32,Cottle,John Cottle, UCSB,John Cottle UCSB,Earth Science,Tectonics and Geochronology,Tectonics ,,,xeUMyxAAAAAJ,https://scholar.google.com/citations?user=xeUMyxAAAAAJ&view_op=list_works&sortby=pubdate,"['Earth science', 'geochronology', 'tectonics']"
33,Eilon,Zachary Eilon, UCSB,Zachary Eilon UCSB,Earth Science,"Seismology, Tectonics, Inverse Theory",,2016,,zFDhf6MAAAAJ,https://scholar.google.com/citations?user=zFDhf6MAAAAJ&view_op=list_works&sortby=pubdate,"['Geophysics', 'Seismology', 'Tectonics', 'Inverse Theory', 'Earth Science']"
34,Gans,Phil Gans, UCSB,Phil Gans UCSB,Earth Science,"Structural geology, tectonics",Tectonics,,,m7tnZn8AAAAJ,https://scholar.google.com/citations?user=m7tnZn8AAAAJ&view_op=list_works&sortby=pubdate,"['Structural Geology', 'Tectonics', 'Volcanology', 'Geochronology', 'Ore Deposits']"
35,Hacker,Bradley Hacker, UCSB,Bradley Hacker UCSB,Earth Science,"Metamorphic Petrology, Tectonics, Geochronology and Petrophysics",Tectonics; Petrology,,2020,KSvF4pEAAAAJ,https://scholar.google.com/citations?user=KSvF4pEAAAAJ&view_op=list_works&sortby=pubdate,"['geochronology', 'metamorphic petrology', 'tectonics', 'petrochronology', 'metamorphic geology']"
36,Jackson,Matthew Jackson, UCSB,Matthew Jackson UCSB,Earth Science,Geochemistry and Igneous Petrology,Volcanology; Petrology; Marine Geology,2013,,dDNiAwEAAAAJ,https://scholar.google.com/citations?user=dDNiAwEAAAAJ&view_op=list_works&sortby=pubdate,"['Geochemistry', 'Geology']"
37,Ji,Chen Ji, UCSB,Chen Ji UCSB,Earth Science,Seismology,Geophysics,,,M0ZSdNUAAAAJ,https://scholar.google.com/citations?user=M0ZSdNUAAAAJ&view_op=list_works&sortby=pubdate,['Earthquake Seismology']
38,Keller,Edward Keller, UCSB,Edward Keller UCSB,Earth Science,"Earth Surface Processes, Environmental Geology",Geomorphology; Hydrology,,2020,MlDIrsgAAAAJ,https://scholar.google.com/citations?user=MlDIrsgAAAAJ&view_op=list_works&sortby=pubdate,"['Earth Surface Processes', 'Environmental Geology']"
39,Lea,David Lea, UCSB,David Lea UCSB,Earth Science,"Paleoclimatology, Paleoceanography, Marine Geochemistry, Global Climate Change",Paleoclimate;  Chemical oceanography,,,lto7l1kAAAAJ,https://scholar.google.com/citations?user=lto7l1kAAAAJ&view_op=list_works&sortby=pubdate,"['Climate Change', 'Paleoceanography', 'Geochemistry', 'Paleoclimate']"
40,Lisiecki,Lorraine Lisiecki, UCSB,Lorraine Lisiecki UCSB,Earth Science,Paleoclimate and Paleoceanography,Paleoclimate,,,McNJSi4AAAAJ,https://scholar.google.com/citations?user=McNJSi4AAAAJ&view_op=list_works&sortby=pubdate,"['paleoclimate', 'paleoceanography', 'glacial cycles']"
41,Macdonald,Francis Macdonald, UCSB,Francis Macdonald UCSB,Earth Science,Geology,"Tectonics, Paleobiology",2018,,fLRRRrcAAAAJ,https://scholar.google.com/citations?user=fLRRRrcAAAAJ&view_op=list_works&sortby=pubdate,['Geology']
42,Matoza,Robin Matoza, UCSB,Robin Matoza UCSB,Earth Science,"Geophysics, seismology, and acoustics",Geophysics,2015,,HNKEI3MAAAAJ,https://scholar.google.com/citations?user=HNKEI3MAAAAJ&view_op=list_works&sortby=pubdate,"['Geophysics', 'Volcanology', 'Seismology', 'Acoustics', 'Infrasound']"
43,Morell,Kristin Morell, UCSB,Kristin Morell UCSB,Earth Science,Tectonic geomorphology and active tectonics.,"Tectonics, Geophysics",2017,,d5_TSk8AAAAJ,https://scholar.google.com/citations?user=d5_TSk8AAAAJ&view_op=list_works&sortby=pubdate,"['Geology', 'Active tectonics', 'tectonic geomorphology', 'landscape evolution']"
44,Porter,Susannah Porter, UCSB,Susannah Porter UCSB,Earth Science,"Precambrian and Cambrian Paleobiology, Early Eukaryote and Animal Evolution",Paleobiology; Evolutionary Ecology,,,O_Fcmwy21PIC,https://scholar.google.com/citations?user=O_Fcmwy21PIC&view_op=list_works&sortby=pubdate,['Paleobiology']
45,Raven,Morgan Raven, UCSB,Morgan Raven UCSB,Earth Science,"Organic Geochemistry, Geobiology",Biogeochemistry,2018,,KtVrxIcAAAAJ,https://scholar.google.com/citations?user=KtVrxIcAAAAJ&view_op=list_works&sortby=pubdate,"['Sulfur biogeochemistry', 'carbon cycling', 'geobiology']"
46,Rudnick,Roberta Rudnick, UCSB,Roberta Rudnick UCSB,Earth Science,Geochemistry and Petrology,Petrology,2015,,ocbjavsAAAAJ,https://scholar.google.com/citations?user=ocbjavsAAAAJ&view_op=list_works&sortby=pubdate,"['Geology', 'Geochemistry', 'Geophysics', 'Lithium Isotopes']"
47,Simms,Alexander Simms, UCSB,Alexander Simms UCSB,Earth Science,"Sedimentology - depositional systems response to sea-level, climate, and tectonic changes","Sedimentology, Paleoclimate",,,1pt8QIsAAAAJ,https://scholar.google.com/citations?user=1pt8QIsAAAAJ&view_op=list_works&sortby=pubdate,"['Sedimentology', 'Coastal Geology', 'Quaternary Science', 'Antarctica']"
48,Spera,Frank Spera, UCSB,Frank Spera UCSB,Earth Science,"Magma Dynamics, Properties of Magmas, Volcanology and Geomaterials",Volcanology; Petrology,,2018,E3cCohYAAAAJ,https://scholar.google.com/citations?user=E3cCohYAAAAJ&view_op=list_works&sortby=pubdate,"['Geomaterials', 'Magma Transport Phenomena', 'Molecular Dynamics', 'Volcanology']"
49,Tanimoto,Toshiro Tanimoto, UCSB,Toshiro Tanimoto UCSB,Earth Science,"Seismology, Earth structure",Geophysics,,,tHnXe84AAAAJ,https://scholar.google.com/citations?user=tHnXe84AAAAJ&view_op=list_works&sortby=pubdate,"['Geophysics', 'Seismology']"
50,Tiffney,Bruce Tiffney, UCSB,Bruce Tiffney UCSB,Earth Science,"Angiosperm paleo- & neocarpology, land plant evolution, plant-animal interactions in the fossil record",Paleobiology; Evolutionary Ecology,,2020,none,none,none
51,Valentine,David Valentine, UCSB,David Valentine UCSB,Earth Science,"Geochemistry, Microbiology, Marine Science",Chemical Oceanography; Environmental Microbiology,,,UvoDtbcAAAAJ,https://scholar.google.com/citations?user=UvoDtbcAAAAJ&view_op=list_works&sortby=pubdate,"['Microbiology', 'Geochemistry', 'Oceanography']"
52,Weldeab,Syee Weldeab, UCSB,Syee Weldeab UCSB,Earth Science,"Paleoclimatology, Paleoceanography",Paleoclimate,,,uLjMZtQAAAAJ,https://scholar.google.com/citations?user=uLjMZtQAAAAJ&view_op=list_works&sortby=pubdate,"['Paleoclimate', 'Paleoceanography']"
53,Wyss,Andy Wyss, UCSB,Andy Wyss UCSB,Earth Science,"Vertebrate Paleontology, Mammalian Systematics ",Paleobiology,,,none,none,none
54,Briggs,Cherie Briggs, UCSB,Cherie Briggs UCSB,EEMB,Dynamics of animal populations,Population Ecology,,,q0xdxtsAAAAJ,https://scholar.google.com/citations?user=q0xdxtsAAAAJ&view_op=list_works&sortby=pubdate,"['Population Ecology', 'Disease Ecology', 'Systems Biology']"
55,Brzezinski,Mark Brzezinski, UCSB,Mark Brzezinski UCSB,EEMB,Marine phytoplankton -  diatoms,Biological Oceanography,,,NgJPuK8AAAAJ,https://scholar.google.com/citations?user=NgJPuK8AAAAJ&view_op=list_works&sortby=pubdate,"['Biological Oceanography', 'Marine Silicon Cycling']"
56,Burkepile,Deron Burkepile, UCSB,Deron Burkepile UCSB,EEMB,Coral Reef Ecology and Community Ecology,Marine Ecology and Community Ecology,2016,,lOhiBXAAAAAJ,https://scholar.google.com/citations?user=lOhiBXAAAAAJ&view_op=list_works&sortby=pubdate,"['Community ecology', 'marine ecology', 'plant-herbivore interactions', 'biodiversity', 'coral reefs']"
57,Carlson,Craig Carlson, UCSB,Craig Carlson UCSB,EEMB,"Biological oceanography – Marine microbial ecology, bacterioplankton, biogeochemical cycling",Biological Oceanography; EnvMicrobiology,,,4Td-fJUAAAAJ,https://scholar.google.com/citations?user=4Td-fJUAAAAJ&view_op=list_works&sortby=pubdate,"['oceanography', 'Biological oceanography', 'marine microbial ecology', 'biogeochemistry', 'microbial oceanography']"
58,Collins,Peter Collins, UCSB,Peter Collins UCSB,EEMB,Mechanisms regulating reproduction and development in vertebrate animal models,Physiology/Development,,2017,none,none,none
59,Eliason,Erika Eliason, UCSB,Erika Eliason UCSB,EEMB,Fish Physiology,"Marine Ecology, Ecophysiology",2016,,wPlGMRoAAAAJ,https://scholar.google.com/citations?user=wPlGMRoAAAAJ&view_op=list_works&sortby=pubdate,"['Comparative Physiology', 'Environmental and Evolutionary Physiology', 'Conservation Biology', 'Climate Change', 'Fish Physiology']"
60,Hodges,Scott Hodges, UCSB,Scott Hodges UCSB,EEMB,Genetic basis of adaptation and speciation,Evolution; Genetics,,,1Fr1vakAAAAJ,https://scholar.google.com/citations?user=1Fr1vakAAAAJ&view_op=list_works&sortby=pubdate,"['Evolution', 'Ecology']"
61,Hofmann,Gretchen Hofmann, UCSB,Gretchen Hofmann UCSB,EEMB,"Ecological physiology of marine organisms, in particular kelp, invertebrates and perciform fishes",Ecophysiology; Marine Ecology,,,#NAME?,https://scholar.google.com/citations?user=-PWYRzIAAAAJ&view_op=list_works&sortby=pubdate,"['Global Change Biology', 'Ecological Physiology', 'Invertebrate Zoology', 'Environmental Genomics', 'Marine Ecology']"
62,Holbrook,Sally Holbrook, UCSB,Sally Holbrook UCSB,EEMB,"Population dynamics and species interactions of marine species, mainly reef fishes",Community & Population Ecology; Marine Ecology,,2025,LtUBsnwAAAAJ,https://scholar.google.com/citations?user=LtUBsnwAAAAJ&view_op=list_works&sortby=pubdate,"['Ecology', 'Population Biology', 'Community Ecology', 'Marine Ecology']"
63,Iglesias-Rodriguez,Debora Iglesias-Rodriguez, UCSB,Debora Iglesias-Rodriguez UCSB,EEMB,Biological Oceanography; Diversity and function in marine phytoplankton ,Biological Oceanography; Ecophysiology,2013,,none,none,none
64,Mazer,Susan J. Mazer, UCSB,Susan Mazer UCSB,EEMB,Evolutionary biology,Evolution; Genetics,,,qbamjFYAAAAJ,https://scholar.google.com/citations?user=qbamjFYAAAAJ&view_op=list_works&sortby=pubdate,"['Adaptive evolution', 'Quantitative genetics', 'Phenological responses to climate change', 'Phenotypic plasticity and G x E', 'Life histo']"
65,Kuris,Armand Kuris, UCSB,Armand Kuris UCSB,EEMB,Infectious processes in ecosystems,Community Ecology; Marine Ecology,,2025,Fx4qe20AAAAJ,https://scholar.google.com/citations?user=Fx4qe20AAAAJ&view_op=list_works&sortby=pubdate,"['parasite ecology', 'marine ecology', 'disease ecology', 'crustacean biology', 'biological control']"
66,Levine,Jonathan Levine, UCSB,Jonathan Levine Princeton,EEMB,Niche and neutral controls over plant species coexistence,Community Ecology,,2013,nSlEGooAAAAJ,https://scholar.google.com/citations?user=nSlEGooAAAAJ&view_op=list_works&sortby=pubdate,['Ecology']
67,MacIntyre,Sally MacIntyre, UCSB,Sally MacIntyre UCSB,EEMB,"Physical-biological coupling; physical limnology and oceanography; tropical, temperate and arctic lakes",Limnology/Aquatic Ecosystems; Biological & Physical Oceanography,,2025,GPlRHI8AAAAJ,https://scholar.google.com/citations?user=GPlRHI8AAAAJ&view_op=list_works&sortby=pubdate,"['Limnology', 'Oceanography', 'Physical-Biological Coupling']"
68,Mahall,Bruce Mahall, UCSB,Bruce Mahall UCSB,EEMB,Physiological plant ecology; controls of community structures and plant distribution,Ecophysiology; Biogeography/Landscape Ecology,,2013,6OtfsT0AAAAJ,https://scholar.google.com/citations?user=6OtfsT0AAAAJ&view_op=list_works&sortby=pubdate,['Plant Ecology']
69,McCauley,Douglas McCauley, UCSB,Douglas McCauley UCSB,EEMB,Ecology of communities and ecosystems in a rapidly changing world,Community Ecology; Conservation; Marine Ecology,2014,,HYXM3_sAAAAJ,https://scholar.google.com/citations?user=HYXM3_sAAAAJ&view_op=list_works&sortby=pubdate,['UC Santa Barbara']
70,Moeller,Holly Moeller, UCSB,Holly Moeller UCSB,EEMB,Systems and Synthetic Biology,,2016,,hcuuM8gAAAAJ,https://scholar.google.com/citations?user=hcuuM8gAAAAJ&view_op=list_works&sortby=pubdate,"['Theoretical Ecology', 'Acquired Metabolic Potential', 'Bioeconomics', 'Community Ecology', 'Ecosystem Dynamics']"
71,Nisbet,Roger Nisbet, UCSB,Roger Nisbet UCSB,EEMB,Theoretical ecology; population dynamics; dynamic energy budget theory,Population Ecology,,2017,l_9TshUAAAAJ,https://scholar.google.com/citations?user=l_9TshUAAAAJ&view_op=list_works&sortby=pubdate,"['Ecology', 'Environmental science']"
72,Oakley,Todd Oakley, UCSB,Todd Oakley UCSB,EEMB,Evolutionary biology: Origins of vision and light interaction genes,Evolution; Genetics,,,kztqPjYAAAAJ,https://scholar.google.com/citations?user=kztqPjYAAAAJ&view_op=list_works&sortby=pubdate,"['Macroevolution', 'Phylogenetics', 'Invertebrate Zoology', 'Bioluminescence', 'Opsin']"
73,Oono,Ryoko Oono, UCSB,Ryoko Oono UCSB,EEMB,Evolutionary ecology focusing on plant-microbe interactions,Evolutionary Ecology; Env Microbiology,2014,,GaabAg8AAAAJ,https://scholar.google.com/citations?user=GaabAg8AAAAJ&view_op=list_works&sortby=pubdate,['Ryoko Oono']
74,Proulx,Stephen Proulx, UCSB,Stephen Proulx UCSB,EEMB,Evolution; Genetics; Biometry,Evolution; Genetics,,,5y_dK0oAAAAJ,https://scholar.google.com/citations?user=5y_dK0oAAAAJ&view_op=list_works&sortby=pubdate,"['Evolution', 'population genetics', 'behavioral ecology', 'life history']"
75,Rice,William Rice, UCSB,William Rice UCSB,EEMB,Evolutionary biology,Evolution; Genetics,,2020,OtbhlmIAAAAJ,https://scholar.google.com/citations?user=OtbhlmIAAAAJ&view_op=list_works&sortby=pubdate,"['evolution', 'genetics', 'ecology', 'biometry', 'statistics']"
76,Santoro,Alyson Santoro, UCSB,Alyson Santoro UCSB,EEMB,Microbial Oceanography,Biological & Chemical Oceanography,2016,,TsZjKA4AAAAJ,https://scholar.google.com/citations?user=TsZjKA4AAAAJ&view_op=list_works&sortby=pubdate,"['marine microbial ecology', 'marine archaea', 'nitrogen cycling', 'oceanography']"
77,Schmitt,Russell Schmitt, UCSB,Russell Schmitt UCSB,EEMB,Abundance and dynamics of populations; species composition and diversity of communities,"Community, Population & Marine Ecology",,2025,sFIZSUYAAAAJ,https://scholar.google.com/citations?user=sFIZSUYAAAAJ&view_op=list_works&sortby=pubdate,"['Population & Community Ecology', 'Marine Ecology']"
78,Stier,Adrian Stier, UCSB,Adrian Stier UCSB,EEMB,Marine Coastal Ecologist,Marine Ecology,2016,,bxbOvMgAAAAJ,https://scholar.google.com/citations?user=bxbOvMgAAAAJ&view_op=list_works&sortby=pubdate,['Adrian C. Stier']
79,Suarez,Raul Suarez, UCSB,Raul Suarez UCSB,EEMB,Metabolic biochemistry,Physiology/Development,,2018,none,none,none
80,Sweet,Samuel Sweet, UCSB,Samuel Sweet UCSB,EEMB,Vertebrate systematics and evolutionary morphology; herpetology,Evolutionary Ecology; Paleobiology,,2025,t07iyOAAAAAJ,https://scholar.google.com/citations?user=t07iyOAAAAAJ&view_op=list_works&sortby=pubdate,"['herpetology', 'macroevolution']"
81,Turner,Thomas Turner, UCSB,Thomas Turner UCSB,EEMB,Evolutionary Genetics,Evolution; Genetics,2010,,#NAME?,https://scholar.google.com/citations?user=-JrND60AAAAJ&view_op=list_works&sortby=pubdate,['The causes and consequences of genetic …']
82,Wilbanks,Lizzie Wilbanks, UCSB,Lizzie Wilbanks UCSB,EEMB,Bioinformatics,,2016,,9Jcd7mcAAAAJ,https://scholar.google.com/citations?user=9Jcd7mcAAAAJ&view_op=list_works&sortby=pubdate,['Marine Microbial Ecology and Evolution']
83,Young,Hillary Young, UCSB,Hillary Young UCSB,EEMB,Community ecology and human disturbance,Community Ecology; Conservation,2014,,X-2BjW4AAAAJ,https://scholar.google.com/citations?user=X-2BjW4AAAAJ&view_op=list_works&sortby=pubdate,"['conservation biology', 'ecology', 'community', 'food-web', 'disease ecology']"
84,D’Antonio,Carla D’Antonio, UCSB,Carla D’Antonio UCSB,EEMB / Env Studies,"Plant and ecosystem ecology, invasive species, species affects on ecosystem processes, restoration ecology.",Community Ecology; Ecosystem Ecology; Conservation,,2025,qYym6p0AAAAJ,https://scholar.google.com/citations?user=qYym6p0AAAAJ&view_op=list_works&sortby=pubdate,['plant community and ecosystem ecology']
85,Froelich,Halley Froelich, UCSB,Halley Froelich UCSB,EEMB / Env Studies,Aquatic farming and Climate Change,"Food Systems, Marine Ecology, Conservation",2018,,072ktIQAAAAJ,https://scholar.google.com/citations?user=072ktIQAAAAJ&view_op=list_works&sortby=pubdate,"['Aquaculture', 'Marine Ecology', 'Fisheries', 'Climate Change', 'Ecophysiology']"
86,Schimel,Josh Schimel, UCSB,Josh Schimel UCSB,EEMB / Env Studies,Ecosystem ecology – Soil ecology; microbial controls of ecosystem processes; terrestrial biogeochemistry,Soils; Ecosystem Ecology; Env Microbiology,,,uzDaznAAAAAJ,https://scholar.google.com/citations?user=uzDaznAAAAAJ&view_op=list_works&sortby=pubdate,"['soil science', 'ecology', 'arctic science', 'microbial ecology']"
87,Alagona,Peter Alagona, UCSB,Peter Alagona UCSB,Environmental Studies,"Environmental history, history of science, wildlife and endangered species, California",Environmental History,,,none,none,none
88,Cleveland,David Cleveland, UCSB,David Cleveland UCSB,Environmental Studies,"Sustainable, small-scale agrifood systems: plant breeding, climate change, nutrition, food sovereignty.",LULCC; Conservation,,2016,Q8pkoBAAAAAJ,https://scholar.google.com/citations?user=Q8pkoBAAAAAJ&view_op=list_works&sortby=pubdate,"['Local food systems', 'food & climate justice', 'diet & nutrition', 'plant breeding & crop genetic resources', 'local & scientific knowle']"
89,Gray,Summer Gray, UCSB,Summer Gray UCSB,Environmental Studies,"Environment and Society, Infrastructure and Adaptation, Climate Justice Studies","Environmental Justice, Environmental Politics",2017,,none,none,none
90,Heilmayr,Robert Heilmayr, UCSB,Robert Heilmayr UCSB,Environmental Studies,"Environmental economics, Ecological economics, Land systems science",Environmental Economics; Conservation,2017,,4n0166UAAAAJ,https://scholar.google.com/citations?user=4n0166UAAAAJ&view_op=list_works&sortby=pubdate,"['Land Systems Science', 'Environmental Economics', 'Conservation Biology', 'Remote Sensing', 'Climate Policy']"
91,Pellow,David Pellow, UCSB,David Pellow UCSB,Environmental Studies,"Environmental Justice, Social Change",Environmental Politics,2016,,none,none,none
92,Perrone,Debra Perrone, UCSB,Debra Perrone UCSB,Environmental Studies,"Water Resources Engineering, Groundwater Science and Policy","Hydrology, Coupled Natural Human Systems",2017,,BmbVaAgAAAAJ,https://scholar.google.com/citations?user=BmbVaAgAAAAJ&view_op=list_works&sortby=pubdate,"['Water', 'Energy', 'Food']"
93,Pulver,Simone Pulver, UCSB,Simone Pulver UCSB,Environmental Studies,"Global environmental politics, organizational theory, and the sociology of development",Environmental Politics,,,rsyLfcEAAAAJ,https://scholar.google.com/citations?user=rsyLfcEAAAAJ&view_op=list_works&sortby=pubdate,['Simone Pulver']
94,Stonich,Susan Stonich, UCSB,Susan Stonich UCSB,Environmental Studies,Ecological anthropology and third world environmental problems,Human Geography,,2014,none,none,none
95,Wilkinson,Robert Wilkinson, UCSB,Robert Wilkinson UCSB,Environmental Studies,"Environmental policy, water and watershed policy, energy, climate change, urban environment.",Environmental Politics,,2015,none,none,none
96,Harthorn,Barbara Harthorn, UCSB,Barbara Harthorn UCSB,Feminist Studies,Nanomaterials and Environmental Risk Perception,Environmental Politics,,,NnxLL5YAAAAJ,https://scholar.google.com/citations?user=NnxLL5YAAAAJ&view_op=list_works&sortby=pubdate,"['Risk perception', 'medical anthropology', 'health inequality', 'environmental health', 'deliberation']"
97,Bookhagen,Bodo Bookhagen, UCSB,Bodo Bookhagen UCSB,Geography,"Geomorphology – remote sensing, hydrology, cosmogenic isotopes, climate change",Geomorphology; Hydrology,,2014,_UuIymgAAAAJ,https://scholar.google.com/citations?user=_UuIymgAAAAJ&view_op=list_works&sortby=pubdate,"['Remote Sensing', 'Geomorphology', 'Water resources', 'Quaternary Geochronology']"
98,Carvalho,Leila Carvalho, UCSB,Leila Carvalho UCSB,Geography,Atmospheric science – Regional and large-scale climate variability; scaling processes in geophysics,Climate; Atmospheric Science,,,HCfUlVIAAAAJ,https://scholar.google.com/citations?user=HCfUlVIAAAAJ&view_op=list_works&sortby=pubdate,"['climate', 'atmospheric sciences', 'meteorology']"
99,Cassels,Susan Cassels, UCSB,Susan Cassels UCSB,Geography,Epidemiology & mathematical modeling; social network analysis; infectious disease epidemiology,Human Geography,2015,,iZiXeBcAAAAJ,https://scholar.google.com/citations?user=iZiXeBcAAAAJ&view_op=list_works&sortby=pubdate,['Susan Cassels']
100,Chadwick,Oliver Chadwick, UCSB,Oliver Chadwick UCSB,Geography,Biogeosciences; soil science,Soils; Geomorphology,,2019,G8HrBaYAAAAJ,https://scholar.google.com/citations?user=G8HrBaYAAAAJ&view_op=list_works&sortby=pubdate,"['geomorphology', 'biogeochemistry', 'soil science']"
101,Chrastil,Liz Chrastil, UCSB,Liz Chrastil UC Irvine,Geography,"Cognitive and Behavioral Geography, Human-Environment Relations",,2017,,e-ItyiIAAAAJ,https://scholar.google.com/citations?user=e-ItyiIAAAAJ&view_op=list_works&sortby=pubdate,"['Navigation', 'Spatial Cognition', 'Memory', 'Virtual Environments']"
102,Chu,Vena Chu, UCSB,Vena Chu UCSB,Geography,"Remote sensing, Cryosphere, Arctic climate change",,2018,,28mqRI8AAAAJ,https://scholar.google.com/citations?user=28mqRI8AAAAJ&view_op=list_works&sortby=pubdate,"['Arctic', 'Cryosphere', 'Greenland', 'Hydrology', 'Remote sensing']"
103,Church,Richard Church, UCSB,Richard Church UCSB,Geography,"Geographic Information Science, Transportation",Transportation; Human Geography; GIScience,,2018,t4-JG2IAAAAJ,https://scholar.google.com/citations?user=t4-JG2IAAAAJ&view_op=list_works&sortby=pubdate,"['location modeling', 'GIScience', 'operations research', 'transportation', 'Regional Science']"
104,Clarke,Keith Clarke, UCSB,Keith Clarke UCSB,Geography,Geographic Information Science; Cartography,GIScience; LULCC; Human Geography,,2021,fjZMW1oAAAAJ,https://scholar.google.com/citations?user=fjZMW1oAAAAJ&view_op=list_works&sortby=pubdate,"['Cartography', 'geographic information systems', 'urban modeling', 'geocomputation']"
105,Couclelis,Helen Couclelis, UCSB,Helen Couclelis UCSB,Geography,"Cognitive and Behavioral Geography, Geographic Information Science, Human-Environment Relations",Human Geography; Cognition,,2015,STbfwjsAAAAJ,https://scholar.google.com/citations?user=STbfwjsAAAAJ&view_op=list_works&sortby=pubdate,"['Geographic information science', 'urban modelling and planning', 'spatial cognition']"
106,DeVries,Timothy DeVries, UCSB,Timothy DeVries UCSB,Geography,Global ocean modeling; cycling of carbon and nutrients,"Biological, Chemical & Physical Oceanography; Paleoclimate",2014,,1Z6XrOUAAAAJ,https://scholar.google.com/citations?user=1Z6XrOUAAAAJ&view_op=list_works&sortby=pubdate,['Ocean circulation and biogeochemistry']
107,Dickey,Tommy Dickey, UCSB,Tommy Dickey UCSB,Geography,Optical and physical oceanography; ocean instrumentation,Biological & Physical Oceanography,,2016,none,none,none
108,Ding,Qinghua Ding, UCSB,Qinghua Ding UCSB,Geography,Climate  Dynamics,,2017,,P2YMInoAAAAJ,https://scholar.google.com/citations?user=P2YMInoAAAAJ&view_op=list_works&sortby=pubdate,['Climate Dynamics & Polar Climate Change']
109,Ganti,Vamsi Ganti, UCSB,Vamsi Ganti UCSB,Geography,Fluvial Geomorphology,"Hydrology, Geomorphology",2018,,qrDqBXEAAAAJ,https://scholar.google.com/citations?user=qrDqBXEAAAAJ&view_op=list_works&sortby=pubdate,"['Sedimentology', 'Geomorphology']"
110,Gautier,Catherine Gautier, UCSB,Catherine Gautier UCSB,Geography,"Climate science – atmospheric science, radiation, climate change, education",Climate; Atmospheric Science,,2013,none,none,none
111,Goulias,Kostas Goulias, UCSB,Kostas Goulias UCSB,Geography,"Geographic Information Science, Transportation",GIScience; Transportation; Human Geography,,,xdXTW7wAAAAJ,https://scholar.google.com/citations?user=xdXTW7wAAAAJ&view_op=list_works&sortby=pubdate,"['Transportation Systems Modeling and …', 'Travel Behavior', 'Transportation Policy and Planning', 'Geographic Information Scie']"
112,Janowicz,Krzysztof Janowicz, UCSB,Krzysztof Janowicz UCSB,Geography,Geographic Information Science,GIScience,2011,,6B2Z9vAAAAAJ,https://scholar.google.com/citations?user=6B2Z9vAAAAAJ&view_op=list_works&sortby=pubdate,"['GIScience', 'Semantic Web', 'Geospatial Semantics', 'Spatial Data Science', 'Web Science']"
113,Jones,Charles Jones, UCSB,Charles Jones UCSB,Geography,"Atmospheric science – Regional and large-scale climate variability and modeling, air-sea interaction",Climate; Atmospheric Science,2013,,PHyhP_AAAAAJ,https://scholar.google.com/citations?user=PHyhP_AAAAAJ&view_op=list_works&sortby=pubdate,"['meteorology', 'climate', 'climate change', 'predictability', 'climate variability']"
114,King,Jennifer King, UCSB,Jennifer King UCSB,Geography,Terrestrial biogeochemistry; Soil Science,Soils; Ecosystem Ecology,,,yaLhLgkAAAAJ,https://scholar.google.com/citations?user=yaLhLgkAAAAJ&view_op=list_works&sortby=pubdate,"['Biogeochemistry', 'Earth System Science']"
115,Kuhn,Werner Kuhn, UCSB,Werner Kuhn UCSB,Geography,Geographic Information Science,GIScience,2013,2024,SQsXfZAAAAAJ,https://scholar.google.com/citations?user=SQsXfZAAAAAJ&view_op=list_works&sortby=pubdate,"['GIS', 'spatial information and computing', 'semantics of information', 'ontology', 'usability']"
116,Kyriakidis,Phaedon Kyriakidis, UCSB,Phaedon Kyriakidis Cyprus University of Technology,Geography,Geographic Information Science; geostatistics ,GIScience,,2014,Z7cYMycAAAAJ,https://scholar.google.com/citations?user=Z7cYMycAAAAJ&view_op=list_works&sortby=pubdate,"['geoanalytics', 'geocomputation', 'geoinformatics', 'geostatistics', 'GIS']"
117,Loaiciga,Hugo Loaiciga, UCSB,Hugo Loaiciga UCSB,Geography,Groundwater hydrology; water resources,Hydrology,,2022,WQ9iC9kAAAAJ,https://scholar.google.com/citations?user=WQ9iC9kAAAAJ&view_op=list_works&sortby=pubdate,['Hydrology and Water Resources']
118,Lopez-Carr,David Lopez-Carr, UCSB,David Lopez-Carr UCSB,Geography,Human-Environment Relations; Demography & migration,Human Geography,,,w_JW40AAAAAJ,https://scholar.google.com/citations?user=w_JW40AAAAAJ&view_op=list_works&sortby=pubdate,"['population', 'health', 'environment']"
119,McFadden,Joseph McFadden, UCSB,Joseph McFadden UCSB,Geography,"Land-use and land-cover change, biosphere-atmosphere interactions, Earth system science, urban ecology","LULCC; Land-atmosphere interaction; Ecosystems Ecology, Ecophysiology",,,none,none,none
120,Michaelsen,Joel Michaelsen, UCSB,Joel Michaelsen UCSB,Geography,"Climatology, meteorology, and statistics",Climate; Atmospheric Science,,2014,none,none,none
121,Montello,Dan Montello, UCSB,Dan Montello UCSB,Geography,"Cognitive and Behavioral Geography, Geographic Information Science, Human-Environment Relations",Human Geography; Cognition,,,none,none,none
122,Murray,Alan Murray, UCSB,Alan Murray UCSB,Geography,GIS/Transport,GIScience; Transportaion; Human Geography,2016,,Raj7sewAAAAJ,https://scholar.google.com/citations?user=Raj7sewAAAAJ&view_op=list_works&sortby=pubdate,"['GIScience', 'location modeling', 'spatial optimization', 'regional science', 'spatial data science']"
123,Nidzieko,Nick Nidzieko, UCSB,Nick Nidzieko UCSB,Geography,Estuarine and Coastal Processes,Physical Oceanography and Marine Ecology,2015,,UmAJBOIAAAAJ,https://scholar.google.com/citations?user=UmAJBOIAAAAJ&view_op=list_works&sortby=pubdate,"['Coastal oceanography', 'autonomous platforms']"
124,Raubal,Martin Raubal, UCSB,Martin Raubal ETH Zurich,Geography,"Cognitive Engineering for Geospatial Services, Cognitive semantic interoperability",GIScience,,2014,EjJ4kswAAAAJ,https://scholar.google.com/citations?user=EjJ4kswAAAAJ&view_op=list_works&sortby=pubdate,['Geographic Information Science']
125,Roberts,Dar Roberts, UCSB,Dar Roberts UCSB,Geography,"Terrestrial ecosystems – Remote sensing of vegetation, geology, ecology, and ecophysiology",Landscape Ecology; Ecophysiology; LULCC,,,v5VGkXMAAAAJ,https://scholar.google.com/citations?user=v5VGkXMAAAAJ&view_op=list_works&sortby=pubdate,['Remote sensing']
126,Siegel,David Siegel, UCSB,David Siegel UCSB,Geography,Interdisciplinary marine science; global biogeochemistry; coastal processes; spatial ecology,Biological & Physical Oceanography; Marine & Spatial Ecology,,,i5ZL1ywAAAAJ,https://scholar.google.com/citations?user=i5ZL1ywAAAAJ&view_op=list_works&sortby=pubdate,"['Oceanography', 'Marine Science', 'Biogeochemistry', 'Remote Sensing', 'Spatial Ecology']"
127,Sweeney,Stuart Sweeney, UCSB,Stuart Sweeney UCSB,Geography,Human-Environment Relations; spatial econometrics,Human Geography,,,QebCBSUAAAAJ,https://scholar.google.com/citations?user=QebCBSUAAAAJ&view_op=list_works&sortby=pubdate,['Stuart Sweeney']
128,Washburn,Libe Washburn, UCSB,Libe Washburn UCSB,Geography,"Coastal circulation, mesoscale processes, air-sea interaction, and interdisciplinary oceanography",Physical Oceanography,,2020,8PNXV2wAAAAJ,https://scholar.google.com/citations?user=8PNXV2wAAAAJ&view_op=list_works&sortby=pubdate,['Libe Washburn']
129,Caylor,Kelly Caylor, UCSB,Kelly Caylor UCSB,Geography/Bren/ ERI,Ecohydrology,Hydrology; Ecosystem Ecology; Human-Environment; Food Systems; ,2016,,VGaoB64AAAAJ,https://scholar.google.com/citations?user=VGaoB64AAAAJ&view_op=list_works&sortby=pubdate,"['Ecohydrology', 'Environmental Sciences', 'Ecology', 'Hydrology', 'Water Resources']"
130,Carlson,Jean Carlson, UCSB,Jean Carlson UCSB,Physics,"Robustness, tradeoffs, and feedback in complex, highly connected systems.",Geophysics,,,none,none,none
131,Deshmukh,Ranjit Deshmukh, UCSB,Ranjit Deshmukh UCSB,Environmental Studies,"Energy systems and policy analysis; electricity sector planning, operations, and markets; geospatial analysis of energy resources; energy access in developing regions",Environmental Politics,2019,,FjU4kL0AAAAJ,https://scholar.google.com/citations?user=FjU4kL0AAAAJ&view_op=list_works&sortby=pubdate,"['renewable energy', 'solar', 'wind', 'biomass', 'policy']"
132,Krintz,Chandra Krintz, UCSB,Chandra Krintz UCSB,Computer Science,"Programming systems, cloud computing and services, and the Internet of Things (IoT)",,2001,,none,none,none
133,O'Malley,Michelle O'Malley, UCSB,Michelle O'Malley UCSB,Chemical Engineering,"Bioengineering
Energy, Efficiency & Sustainability",,2018,,d3FwJjMAAAAJ,https://scholar.google.com/citations?user=d3FwJjMAAAAJ&view_op=list_works&sortby=pubdate,"['anaerobic fungi', 'microbial consortia', 'bioengineering', 'sustainability', 'membrane proteins']"
134,Stevenson,Samantha Stevenson, UCSB,Samantha Stevenson UCSB,Bren School,"Climate Modeling, Drought, Oceanography, Climate Dynamics","Climate; Hydrology, Oceanography",2017,,vNZ4mYoAAAAJ,https://scholar.google.com/citations?user=vNZ4mYoAAAAJ&view_op=list_works&sortby=pubdate,['Samantha Stevenson']
135,Bair,Edward (Ned) Bair, UCSB,Edward Bair UCSB,ERI,"Snow Hydrology, Earth System Science, Remote Sensing",,,,WvcxF9AAAAAJ,https://scholar.google.com/citations?user=WvcxF9AAAAAJ&view_op=list_works&sortby=pubdate,['snow']
136,Beccera,Caryl Beccera, UCSB,Caryl Beccera UCSB,ERI,"Soil microbial ecologist utilizing geochemical, molecular, and microbiological techniques",,,,none,none,none
137,Bell,Tom Bell, UCSB,Tom Bell UCSB,ERI,"Marine science - interaction between biotic and abiotic environment and coastal marine foundation species (giant kelp, coral, seagrass). Remote sensing.",,,,pGPS-JkAAAAJ,https://scholar.google.com/citations?user=pGPS-JkAAAAJ&view_op=list_works&sortby=pubdate,"['Spatial Ecology', 'Ecosystem Ecology', 'Remote Sensing', 'Geography']"
138,Blankinship,Joseph Blankinship, UCSB,Joseph Blankinship University of Arizona,ERI,"Soil ecology, biogeochemistry, and health; ecosysetem responses to climate change.",,,,VGR3kV0AAAAJ,https://scholar.google.com/citations?user=VGR3kV0AAAAJ&view_op=list_works&sortby=pubdate,"['Soil microbial ecology', 'biogeochemistry', 'global change', 'soil greenhouse gas emissions', 'nutrient cycling']"
139,Blanchette,Carol Blanchette, UCSB,Carol Blanchette UCSB,NRS,Marine and community ecology,,,,MvssjqIAAAAJ,https://scholar.google.com/citations?user=MvssjqIAAAAJ&view_op=list_works&sortby=pubdate,['Aquatic and Marine Ecology']
140,Booth,Derek Booth, UCSB,Derek Booth UCSB,ERI and Bren,Environmental Geomorphology,,,,Xq4ZDiAAAAAJ,https://scholar.google.com/citations?user=Xq4ZDiAAAAAJ&view_op=list_works&sortby=pubdate,['Derek B. Booth']
141,Bray,Erin Bray, UCSB,"Erin Bray California State University, Northridge",ERI,"River Systems, Hydrology, Fluvial Geomorphology",,,,Swemnm8AAAAJ,https://scholar.google.com/citations?user=Swemnm8AAAAJ&view_op=list_works&sortby=pubdate,"['Hydrology', 'Fluvial Geomorphology', 'River Systems Science', 'Water Resources Management']"
142,Carbone,Mariah Carbone, UCSB,Mariah Carbone Northern Arizona University,NCEAS,"Earth system science, climate change, global change ecology, terrestrial biogeochemical cycling, isotopes (mainly 14C), biosphere-atmosphere exchanges of carbon, water, and energy, plant-soil interactions, partitioning respiration",,,,hChc37cAAAAJ,https://scholar.google.com/citations?user=hChc37cAAAAJ&view_op=list_works&sortby=pubdate,"['Climate change', 'earth system science', 'ecology', 'isotopes', 'radiocarbon']"
143,Clarke,Brian Clarke, UCSB,Brian Clarke UCSB,ERI,Cartography – GIS - modeling land use change,,,,none,none,none
144,Collins,Mary Collins, UCSB,Mary Collins SUNY,ERI,Environmental sociology focused on environmental inequality,,,,3m74G6MAAAAJ,https://scholar.google.com/citations?user=3m74G6MAAAAJ&view_op=list_works&sortby=pubdate,"['Environmental Sociology', 'Environmental Inequality', 'Disproportionality']"
145,Crempien,Jorge Crempien, UCSB,Jorge Crempien Pontificia Universidad,ERI,"Earthquake seismology, from the understanding of the physical process based on seismic and geodetic records, to the simulation of soil movement caused by earthquakes",,,,QLPrt30AAAAJ,https://scholar.google.com/citations?user=QLPrt30AAAAJ&view_op=list_works&sortby=pubdate,"['Strong motion', 'earthquake physics', 'seismology']"
146,DeVecchio,Duane DeVecchio, UCSB,Duane DeVecchio UCSB,ERI and Arizona State University,Structural geology and geomorphology,,,,none,none,none
147,Dugan,Jenifer Dugan, UCSB,Jenifer Dugan UCSB,MSI,Coastal marine ecologist with broad interests in community and population dynamics,,,,ndVTt1IAAAAJ,https://scholar.google.com/citations?user=ndVTt1IAAAAJ&view_op=list_works&sortby=pubdate,['Marine and coastal ecology']
148,Evelyn,Christopher Evelyn, UCSB,Christopher Evelyn UCSB,ERI,"Conservation Biology, Ecology and Evolution; Species Diversity; Reptiales; Amphibians.",,,,none,none,none
149,Fleishman,Erica Fleishman, UCSB,Erica Fleishman UCSB,ERI / UCD,Ecosystem-based Management,,,,none,none,none
150,Florsheim,Joan Florsheim, UCSB,Joan Florsheim UCSB,ERI,Fluvial geomorphology and earth surface processes,,,,0k1FGKQAAAAJ,https://scholar.google.com/citations?user=0k1FGKQAAAAJ&view_op=list_works&sortby=pubdate,"['Fluvial Geomorphology', 'Hydrology', 'Earth Surface Processes']"
151,Gardner,Helene Gardner, UCSB,Helene Gardner UCSB,Environmental Studies,"Environmental Toxicology, Environmental Chemistry, Air Quality and Pollution",,,,none,none,none
152,Hannah,Lee Hannah, UCSB,Lee Hannah Conservation International,Bren School,Climate Change Biology and Conservation Biology,,,,IX0xGBYAAAAJ,https://scholar.google.com/citations?user=IX0xGBYAAAAJ&view_op=list_works&sortby=pubdate,['climate change biology']
153,Haskell,William Haskell, UCSB,William Haskell MBARI,ERI ,"Marine biogeochemistry, Biological production, Carbon export; Physiochemical dynamics; Autonomous platforms",,,,Af7YUqYAAAAJ,https://scholar.google.com/citations?user=Af7YUqYAAAAJ&view_op=list_works&sortby=pubdate,"['Marine biogeochemistry', 'Biological production', 'Carbon export', 'Physicochemical dynamics', 'Autonomous platforms']"
154,Hegarty,Paul Hegarty, UCSB,Paul Hegarty UCSB,ERI ,Monitoring how earthquakes affect ground movement and soil stability,,,,none,none,none
155,Hess,Laura Hess, UCSB,Laura Hess UCSB,ERI,Wetlands; Spatial variability of the deforestation along the Amazon,,,,ple6DvYAAAAJ,https://scholar.google.com/citations?user=ple6DvYAAAAJ&view_op=list_works&sortby=pubdate,"['Remote Sensing', 'Wetland Ecology/Hydrology/Conservation', 'Land Cover / Land Use Change', 'Object-based Image Analysis', 'Synthetic Aperture Radar']"
156,Homyak,Peter Homyak, UCSB,Peter Homyak UC Riverside,ERI,Ecosystem & Soil Microbial Processes,,,,ktDIOUAAAAAJ,https://scholar.google.com/citations?user=ktDIOUAAAAAJ&view_op=list_works&sortby=pubdate,['Ecosystem & soil microbial processes']
157,Husak,Greg Husak, UCSB,Greg Husak UCSB,Geography,"Cropped area estimation, developing rainfall monitoring tools to better capture crop conditions, and the synthesis of a variety of indicators to estimate crop production conditions for a finite area",,,,TL2FgTsAAAAJ,https://scholar.google.com/citations?user=TL2FgTsAAAAJ&view_op=list_works&sortby=pubdate,"['climate', 'food security', 'precipitation']"
158,Janee,Greg Janée, UCSB,Greg Janée UCSB,ERI,"Environmental Information Management, digital libraries",,,,none,none,none
159,Kappel,Carrie Kappel, UCSB,Carrie Kappel UCSB,NCEAS,"Marine Conservation Biology; community ecology, ocean and coastal management",,,,icGWVrkAAAAJ,https://scholar.google.com/citations?user=icGWVrkAAAAJ&view_op=list_works&sortby=pubdate,"['marine conservation biology', 'community ecology', 'spatial ecology', 'ocean and coastal management']"
160,Kellett,Dawn Kellett, UCSB,Dawn Kellett Geological Survey of Canada,,"Tectonics, Geochronology, Thermochronology",,,,xplysJkAAAAJ,https://scholar.google.com/citations?user=xplysJkAAAAJ&view_op=list_works&sortby=pubdate,"['Tectonics', 'Geochronology', 'Thermochronology']"
161,Knapp,Roland Knapp, UCSB,Roland Knapp UCSB,ERI,Herpetologist; examining how natural and anthropogenic factors influence the structure and function of aquatic ecosystems,,,,gBsUGUgAAAAJ,https://scholar.google.com/citations?user=gBsUGUgAAAAJ&view_op=list_works&sortby=pubdate,['Roland Knapp']
162,Kostadinov,Tihomir Kostadinov, UCSB,Tihomir Kostadinov California State University San Marcos,ERI,Earth System Science focusing on ocean optics and ocean color remote sensing. Development of bio-optical algorithms and the study of ocean ecology and biogeography using ocean color satellites,,,,IWOhrsgAAAAJ,https://scholar.google.com/citations?user=IWOhrsgAAAAJ&view_op=list_works&sortby=pubdate,"['Ocean Color Remote Sensing', 'Snow Remote Sensing', 'Astronomy/Milankovitch cycles', 'Earth System Science', 'Climate Science']"
163,Kylander-Clark,Andrew Kylander-Clark, UCSB,Andrew Kylander-Clark UCSB,Earth Science,Deep-time tectonics and Earth evolution,,,,RlddbsMAAAAJ,https://scholar.google.com/citations?user=RlddbsMAAAAJ&view_op=list_works&sortby=pubdate,['Andrew Kylander-Clark']
164,Lavallee,Daniel Lavallee, UCSB,Daniel Lavallee UCSB,ERI,"Statistic of source and ground motion, nonlinear propagation of wave, stochastic models, scaling",,,,none,none,none
165,Leifer,Ira Leifer, UCSB,Ira Leifer UCSB,MSI,"Bubble chemico-hydronamics, breaking wave bubble plume, and marine hydrocarbon seep bubble visualization and modeling, hydrocarbon seep geochemistry, oil droplet hydrodynamics, turbulence visualization and digital particle imaging velocimetry (DPIV) and methane seep bubble visualization and modeling.",,,,RLQzka0AAAAJ,https://scholar.google.com/citations?user=RLQzka0AAAAJ&view_op=list_works&sortby=pubdate,['Ira Leifer']
166,MacDonald,Andrew MacDonald, UCSB,Andrew MacDonald UCSB,ERI,"Disease ecologist focused on coupled natural-human system feedbacks and land use change as drivers of mosquito-borne disease, with an emphasis on malaria in the Amazon basin",,,,ykvB_M0AAAAJ,https://scholar.google.com/citations?user=ykvB_M0AAAAJ&view_op=list_works&sortby=pubdate,"['Disease Ecology', 'Epidemiology', 'Vector-Borne Diseases', 'Land Use Change', 'Climate Change']"
167,Maritorena,Stéphane Maritorena, UCSB,Stéphane Maritorena UCSB,ERI,"Marine optics, bio-optical modeling, ocean color algorithm development and remote sensing",,,,none,none,none
168,Mayes,Marc Mayes, UCSB,Marc Mayes UCSB,ERI,"Land use and climate change effects on terrestrial ecosystems, including carbon, nutrient and water cycling, with a focus on semi-arid developing landscapes in sub-Saharan Africa",,,,KH-oS7MAAAAJ,https://scholar.google.com/citations?user=KH-oS7MAAAAJ&view_op=list_works&sortby=pubdate,"['Ecosystem science', 'remote sensing', 'biogeochemistry', 'hydrology', 'conservation science']"
169,Means,Jay Means, UCSB,Jay Means UCSB,ERI,"Trace analytical chemistry, environmental chemistry, and environmental toxicology",,,,XTMiJv0AAAAJ,https://scholar.google.com/citations?user=XTMiJv0AAAAJ&view_op=list_works&sortby=pubdate,['Environmental chemistry and toxicology']
170,Michaelides,Katrina Michaelides, UCSB,Katerina Michaelides University of Bristol,ERI,Surface water flow generation and its interaction with the land surface,,,,SW4AbDkAAAAJ,https://scholar.google.com/citations?user=SW4AbDkAAAAJ&view_op=list_works&sortby=pubdate,['Katerina Michaelides']
171,Miller,Robert Miller, UCSB,Robert Miller UCSB,MSI and ERI,Benthic subtidal ecology; community ecology; primary producers in marine ecosystems,,,,RpbG49IAAAAJ,https://scholar.google.com/citations?user=RpbG49IAAAAJ&view_op=list_works&sortby=pubdate,['Marine Ecology']
172,Molinari,Nicole Molinari, UCSB,Nicole Molinari UCSB,EEMB,Controls of species diversity,,,,wQihAKsAAAAJ,https://scholar.google.com/citations?user=wQihAKsAAAAJ&view_op=list_works&sortby=pubdate,['Plant Ecology']
173,Molotch,Noah Molotch, UCSB,Noah Molotch University of Colorado,ERI,Surface water and snow hydrology; remote sensing; ecohydrology,,,,kTk4Hg4AAAAJ,https://scholar.google.com/citations?user=kTk4Hg4AAAAJ&view_op=list_works&sortby=pubdate,"['surface water and snow hydrology', 'ecohydrology', 'remote sensing']"
174,Moritz,Max Moritz, UCSB,Max Moritz UCSB,UC ANR,Understanding the dynamics of fire regimes at relatively broad scales and applying this information in ecosystem management,,,,A_0DKxMAAAAJ,https://scholar.google.com/citations?user=A_0DKxMAAAAJ&view_op=list_works&sortby=pubdate,"['Biogeography', 'Climate Change', 'Fire Ecology & Managment', 'Pyrogeography']"
175,Myers,Jan Myers, UCSB,Jan Myers UCSB,CCBER,K-12 Education,,,,none,none,none
176,Nelso,Norman Nelson, UCSB,Norman Nelson UCSB,ERI,"Ocean optics – cycling of organic matter in the ocean, primary productivity, UV photochemistry and photobiology, ocean color remote sensing, and planktonic community structure",,,,none,none,none
177,Niemeyer,Ryan Niemeyer, UCSB,Ryan Niemeyer UCSB,ERI,Impacts of forest thinning in the dry forests of the Pacific Northwest on streamflow and tree-drought resilience,,,,TH3el2wAAAAJ,https://scholar.google.com/citations?user=TH3el2wAAAAJ&view_op=list_works&sortby=pubdate,"['Hydrology', 'Ecohydrology', 'Land Surface Hydrology', 'Interdisciplinary Natural Resource …']"
178,Norris,Jesse Norris, UCSB,Jesse Norris UCSB,,"Precipitation, climatology, meteorology, climate dynamics, numerical modeling, atmospheric science, climate change.",,,,none,none,none
179,Ohlmann,J. Carter Ohlmann, UCSB,Carter Ohlmann UCSB,ERI and MSI,"Physical oceanography – Lagrangian methods, coastal oceanography ",,,,QWzlRW0AAAAJ,https://scholar.google.com/citations?user=QWzlRW0AAAAJ&view_op=list_works&sortby=pubdate,['oceanography']
180,Passow,Uta Passow, UCSB,Uta Passow UCSB,MSI and ERI,"Function of the biological carbon pumps and the
drivers of carbon cycling in the ocean",,,,tmsLvH0AAAAJ,https://scholar.google.com/citations?user=tmsLvH0AAAAJ&view_op=list_works&sortby=pubdate,['Biological Oceanography']
181,Portnykh,Margarita Portnykh, UCSB,Margarita Portnykh UCSB,ERI,"Intersection of Environmental and Natural Resource Economics, and Health Economics.",,,,none,none,none
182,Reed,Daniel Reed, UCSB,Daniel Reed UCSB,MSI,Ecology of coastal marine ecosystems ,,,,8I3rAqsAAAAJ,https://scholar.google.com/citations?user=8I3rAqsAAAAJ&view_op=list_works&sortby=pubdate,['marine ecology']
183,Riedman,Leigh Ann Riedman, UCSB,Leigh Ann Riedman UCSB,ERI,Neoproterozoic Paleontology,,,,OfeDETgAAAAJ,https://scholar.google.com/citations?user=OfeDETgAAAAJ&view_op=list_works&sortby=pubdate,['Paleontology']
184,Rioux,Matthew Rioux, UCSB,Matthew Rioux UCSB,"ERI, LSOE Earth Science",Radiogenic Isotope Geochemistry,,,,n4zOvXkAAAAJ,https://scholar.google.com/citations?user=n4zOvXkAAAAJ&view_op=list_works&sortby=pubdate,['Geology']
185,Rittger,Karl Rittger, UCSB,Karl Rittger CU Boulder,,Terrestrial Hydrosphere focused on the processes controlling hydrologic fluxes in cold regions and within the greater Earth system,,,,A_Xh-x8AAAAJ,https://scholar.google.com/citations?user=A_Xh-x8AAAAJ&view_op=list_works&sortby=pubdate,['Snow hydrology']
186,Romero,Leonel Romero, UCSB,Leonel Romero UCSB,ERI,"Upper ocean dynamics, coastal processes, surface wave dynamics, air-sea interaction, wave-current interaction, ocean mixing",,,,NZtZHmEgTw4C,https://scholar.google.com/citations?user=NZtZHmEgTw4C&view_op=list_works&sortby=pubdate,"['upper ocean processes', 'ocean waves', 'air-sea interaction', 'coastal processes']"
187,Rood,Dylan Rood, UCSB,Dylan Rood Imperial College London,ERI,"Terrestrial climate records, earthquake fault slip rates, erosion rates and landscape evolution, and seismic hazards ",,,,vjpTSA8AAAAJ,https://scholar.google.com/citations?user=vjpTSA8AAAAJ&view_op=list_works&sortby=pubdate,"['Cosmogenic Isotopes & Accelerator Mass …', 'Tectonic Geomorphology', 'Climate Change', 'Earthquake Hazards']"
188,Seale,Sandra Seale, UCSB,Sandra Seale UCSB,ERI,"Strong-motion seismology, earthquake site effects",,,,none,none,none
189,Seltmann,Katja Seltmann, UCSB,Katja Seltmann UCSB,CCBER and ERI,"Biodiversity informatics, entomology, natural history collections",,,,gsh_xxoAAAAJ,https://scholar.google.com/citations?user=gsh_xxoAAAAJ&view_op=list_works&sortby=pubdate,"['biodiversity informatics', 'entomology', 'natural history collections']"
190,Shi,Jiancheng Shi, UCSB,"Jiancheng Shi Institute of Remote Sensing and Digital Earth, Chinese Academy of Sciences",ERI,"Modeling of the microwave signature of snow and soil, image processing and analysis, and inversion model developments for retrieving physical parameters from remote sensing data",,,,LMhQkYAAAAAJ,https://scholar.google.com/citations?user=LMhQkYAAAAAJ&view_op=list_works&sortby=pubdate,"['water cycle', 'hydrology', 'water resources', 'remote sensing']"
191,Silva,Thiago Silva, UCSB,Thiago Sanna Freire Silva University of Stirling,ERI and Brazilian National Institute for Space Research (INPE),"Biology, Ecology, Limnology- ecosystem processes on floodplains of the Amazon basin",,,,hpPTEmcAAAAJ,https://scholar.google.com/citations?user=hpPTEmcAAAAJ&view_op=list_works&sortby=pubdate,"['ecosystems ecology', 'plant ecology', 'macroecology', 'climate change', 'remote sensing']"
192,Simons,Rachel Simons, UCSB,Rachel Simons UCSB,ERI,Hydrodynamic and transport modeling,,,,gAHeXcUAAAAJ,https://scholar.google.com/citations?user=gAHeXcUAAAAJ&view_op=list_works&sortby=pubdate,['Coastal Oceanography']
193,Singer,Michael Singer, UCSB,Michael Singer UCSB,ERI,"Flood-based erosion and sedimentation, stochastic processes, downstream fining, geochemical tracers, channel and floodplain morphology in large rivers",,,,LT_zsYAAAAAJ,https://scholar.google.com/citations?user=LT_zsYAAAAAJ&view_op=list_works&sortby=pubdate,"['geomorphology', 'hydrology', 'ecohydrology', 'sediment transport', 'flood risk']"
194,Smith,Tom Smith, UCSB,Tom Smith UCSB,ERI,Community ecology studying high elevation lake communities in California's Sierra Nevada,,,,kO0L21oAAAAJ,https://scholar.google.com/citations?user=kO0L21oAAAAJ&view_op=list_works&sortby=pubdate,"['community ecology', 'aquatic ecology', 'disease ecology']"
195,Srlien,Christopher Sorlien, UCSB,Christopher Sorlien UCSB,ERI,Faulting and folding; seismic reflection data; paleoclimate,,,,fOMtKyAAAAAJ,https://scholar.google.com/citations?user=fOMtKyAAAAAJ&view_op=list_works&sortby=pubdate,"['""seismic reflection""', '""faulting and folding""', 'past climates']"
196,Steidl,Jamison Steidl, UCSB,Jamison Steidl UCSB,ERI,"Site Response, Strong Ground Motion, Engineering Seismology, Borehole Seismology, Earthquake Source Mechanics and Dynamics",,,,Rop09V8AAAAJ,https://scholar.google.com/citations?user=Rop09V8AAAAJ&view_op=list_works&sortby=pubdate,"['Seismology', 'Earthquake Engineering', 'Site Response', 'Strong Ground Motion', 'Earthquake Physics']"
197,Stith,Andrea Stith, UCSB,Andrea Stith UCSB,Office of Research,Research Development,,,,none,none,none
198,Stratton,Lisa Stratton, UCSB,Lisa Stratton UCSB,CCBER,Ecosystem Management,,,,none,none,none
199,Thorsch,Jennifer Thorsch, UCSB,Jennifer Thorsch UCSB,CCBER,"Plant science, collection management, K-12 education",,,,none,none,none
200,Tyler,Claudia Tyler, UCSB,Claudia Tyler UCSB,GGSE,Community dynamics in oak woodlands,,,,#NAME?,https://scholar.google.com/citations?user=-H7Y-VUAAAAJ&view_op=list_works&sortby=pubdate,"['community ecology', 'plant ecology', 'shrublands', 'oak woodlands']"
201,Wahlert,Greg Wahlert, UCSB,Greg Wahlert UCSB,CCBER,"Plant systematics, collections management.",,,,r5i187AAAAAJ,https://scholar.google.com/citations?user=r5i187AAAAAJ&view_op=list_works&sortby=pubdate,"['Plant Systematics', 'Natural History Collections', 'floras of California and Madagascar']"
202,Witmann,Marion Wittmann, UCSB,Marion Wittmann UCSB,NRS,"Wildlife Conservation, Ecosystem Ecology, Conservation Biology, Invasive Species, Climate Change, Biodiversity, Water Quality, Natural Resource Management",,,,DcjUuRUAAAAJ,https://scholar.google.com/citations?user=DcjUuRUAAAAJ&view_op=list_works&sortby=pubdate,"['Aquatic ecology', 'invasive species', 'environmental policy']"